Day1_collection_cr,Production_House_Score,Director_Score,Runtime (min),Release_Year,Release_Month,Release_Day_of_Week,Promotion_Duration_Days,Genre_Drama,Genre_Comedy,Genre_Action,Genre_Thriller,Genre_Romance,Genre_Crime,Genre_Other,avg_sentiment,median_sentiment
5.03,53.59314855,15.63074913,140,2021,11,4,17,0,0,1,0,0,1,0,0.5578,0.736
10.26,67.43552812,15.63074913,156,2023,8,4,8,1,1,0,0,0,0,0,0.436,0.6309
1.22,34.52374557,15.63074913,119,2017,7,4,280,1,0,0,0,0,0,0,0.4617,0.69195
8.75,53.59314855,15.63074913,150,2019,1,4,38,1,0,0,0,0,0,1,0.5617,0.74565
10.25,100,15.63074913,158,2022,7,4,28,1,0,1,0,0,0,0,0.2448,0.39135
0.1,34.52374557,15.63074913,113,2017,3,4,29,1,0,0,0,0,0,0,0.5511,0.6249
1.3,34.52374557,15.63074913,123,2024,11,4,9,1,0,0,0,0,1,0,0.503,0.74905
0.001,34.52374557,15.63074913,149,2025,4,4,27,0,1,0,0,0,0,1,0.5313,0.7213
2.05,34.52374557,15.63074913,122,2017,8,4,45,1,0,1,0,0,0,0,0.4433,0.56465
0.01,53.59314855,15.63074913,127,2023,6,4,25,0,0,0,1,0,1,0,0.53566,0.66919
1.4,34.52374557,15.63074913,147,2025,1,4,11,1,0,1,0,0,0,0,0.5524,0.69665
0.2,34.52374557,15.63074913,148,2024,4,4,11,1,0,0,0,0,0,1,0.2578,0.3435
1.25,34.52374557,15.63074913,120,2023,7,4,9,1,0,0,0,0,1,0,0.4378,0.5352
4.75,39.87847455,27.75949514,165,2019,11,4,31,1,1,0,0,0,0,0,0.6456,0.73495
7.03,39.87847455,15.63074913,136,2019,11,4,0,1,0,1,0,1,0,0,0.54148,0.6974
0.07,34.52374557,15.63074913,105,2018,1,4,0,1,0,0,0,0,0,1,0.5185,0.65867
40.1,53.59314855,15.63074913,170,2023,8,4,16,0,0,1,0,0,0,1,0.3882,0.6697
1.2,34.52374557,15.63074913,145,2019,3,4,53,1,0,0,0,0,0,0,0.36594,0.47592
10.27,34.52374557,25.95144992,135,2017,5,4,39,0,0,0,0,1,0,0,0.5336,0.6647
0.06,34.52374557,15.63074913,90,2017,3,4,674,1,0,0,0,0,0,0,0.5994,0.5994
0.1,34.52374557,15.63074913,124,2016,8,4,0,0,1,0,0,0,0,0,0.45862,0.62111
0.32,34.52374557,15.63074913,128,2017,6,4,39,0,1,0,0,0,0,0,0.5984,0.77145
2.86,39.87847455,3.194084169,136,2016,12,4,367,1,0,0,0,0,0,0,0.4594,0.6249
0.12,34.52374557,15.63074913,110,2017,2,4,24,1,0,0,0,0,0,0,0.37946,0.43977
0.1,34.52374557,15.63074913,125,2017,4,4,0,1,0,0,0,0,0,0,0.45356,0.51555
0.03,34.52374557,15.63074913,0,2023,10,4,17,1,1,0,0,0,0,0,0.7134,0.8402
0.25,34.52374557,15.63074913,139,2024,9,4,8,1,0,0,0,0,0,1,0.3533,0.4019
10.7,34.52374557,15.63074913,125,2018,6,4,37,1,1,0,0,0,0,0,0.39244,0.58482
20.52,39.87847455,15.63074913,141,2018,8,2,48,0,0,1,0,0,0,1,0.5024,0.61215
10.43,34.52374557,15.63074913,139,2017,1,2,89,1,0,0,0,0,0,0,0.2945,0.3818
0.3,34.52374557,15.63074913,116,2017,4,4,0,0,0,1,0,1,0,0,0.37946,0.43977
1.25,58.78836239,15.63074913,106,2019,7,4,36,1,1,1,0,0,0,0,0.7447,0.90485
0.5,34.52374557,15.63074913,141,2025,9,4,18,0,1,0,0,1,0,0,0.3676,0.3612
0.4,50.08554175,15.63074913,104,2016,4,4,0,1,0,0,1,0,0,0,0.44604,0.57761
0.02,39.87847455,15.63074913,126,2022,10,4,20,1,0,0,0,1,0,0,0.5207,0.76835
0.01,34.52374557,15.63074913,112,2022,10,4,29,1,0,0,0,1,0,0,0.37946,0.43977
11.25,72.76391152,15.63074913,164,2024,12,2,16,0,0,1,1,0,0,0,-0.041,-0.34
10.43,34.52374557,15.63074913,129,2016,5,4,0,0,0,0,0,0,1,0,0.44536,0.48633
0.4,53.59314855,15.63074913,140,2025,7,4,10,1,0,0,0,1,0,0,0.5701,0.7265
2.32,0,15.63074913,126,2016,8,4,11,0,1,0,0,0,0,0,0.37946,0.43977
1,39.87847455,15.63074913,123,2021,1,4,16,1,0,0,0,0,0,0,0.338,0.43475
0.25,50.08554175,15.63074913,0,2018,5,4,16,1,0,0,0,0,0,0,0.4933,0.59265
16.1,50.08554175,15.63074913,150,2017,9,4,39,0,1,1,0,0,0,0,0.6433,0.8241
0.25,34.52374557,15.63074913,161,2025,5,4,24,1,0,0,0,0,0,1,0.3295,0.5164
11.7,30.23687965,15.63074913,164,2022,8,3,0,1,0,0,0,0,0,1,0.472,0.59265
0.1,34.52374557,15.63074913,110,2017,6,4,311,1,0,0,0,0,0,0,0.5896,0.7711
0.02,34.52374557,15.63074913,106,2017,6,4,2156,0,0,0,1,0,0,1,0.2962,0.25
4.12,34.52374557,15.63074913,173,2019,12,4,31,1,0,0,0,0,0,1,0.43764,0.5698
2.1,34.52374557,9.48159046,110,2016,2,4,2089,0,1,0,0,0,0,0,0.5232,0.6249
0.4,30.23687965,15.63074913,135,2019,11,4,35,1,1,0,0,0,0,0,0.61,0.631
1.45,39.87847455,15.63074913,123,2019,9,4,2,1,0,0,0,0,0,0,0.34306,0.38331
2.1,34.52374557,15.63074913,112,2017,2,4,30,0,0,0,1,0,0,0,0,0
1.1,34.52374557,15.63074913,148,2022,6,4,25,1,0,1,0,0,0,1,0.44444,0.59868
0.4,34.52374557,15.63074913,139,2021,8,4,162,1,0,0,1,0,0,0,0.2997,0.4588
2.77,39.87847455,15.63074913,125,2017,9,4,38,1,0,0,0,0,0,0,0.492,0.65795
63.8,39.87847455,15.63074913,203,2023,12,4,0,0,0,1,1,0,0,0,0.38196,0.44377
0.19,34.52374557,15.63074913,108,2017,2,4,0,1,0,0,0,0,0,1,0.47486,0.51504
0.02,34.52374557,15.63074913,120,2017,11,4,22,1,0,0,0,0,0,0,0.5379,0.7357
10.7,34.52374557,15.63074913,158,2025,6,4,0,1,1,0,0,0,0,0,0.49344,0.64378
0.03,34.52374557,15.63074913,100,2025,3,4,7,1,0,0,0,1,0,0,0.4309,0.53265
149.1493,34.52374557,15.63074913,149,2016,4,4,15,0,0,1,0,0,1,0,0.2406,0
1.2,34.52374557,15.63074913,112,2023,10,4,0,0,0,1,0,0,0,1,0.37946,0.43977
1.1,34.52374557,15.63074913,107,2016,3,4,32,1,1,0,0,0,0,0,0.645,0.765
5.61,39.87847455,15.63074913,154,2017,6,4,33,0,0,1,0,1,0,0,0.37946,0.43977
0.46,34.52374557,15.63074913,131,2017,6,4,24,0,0,0,1,0,0,1,0.41076,0.52715
3.76,39.87847455,3.194084169,130,2018,3,4,0,0,0,0,1,0,0,1,0.46512,0.61842
0.006,34.52374557,15.63074913,122,2018,5,4,1267,1,0,0,0,0,0,0,0.5899,0.61215
0.05,34.52374557,15.63074913,119,2024,4,4,185,1,0,0,0,0,0,0,-0.1143,-0.296
6,30.23687965,15.63074913,138,2019,1,4,30,1,0,0,0,0,0,1,0.4831,0.59715
0.9,34.52374557,15.63074913,91,2018,7,4,28,0,0,0,0,0,0,1,0.4379,0.52895
0.25,34.52374557,15.63074913,125,2024,2,4,9,1,0,0,0,0,0,1,0.4799,0.771
29.78,34.52374557,15.63074913,161,2016,12,4,64,0,0,0,0,0,0,1,0.3813,0.44105
22,100,25.95144992,156,2025,7,4,45,1,0,0,0,1,0,0,0.5909,0.7611
1.1,34.52374557,15.63074913,130,2017,11,4,0,0,0,0,0,1,0,0,0.5185,0.65867
0.03,34.52374557,15.63074913,0,2024,3,4,0,1,0,0,0,0,0,1,0.36594,0.47592
0.3,34.52374557,15.63074913,100,2023,11,4,0,1,0,0,0,0,0,0,0.36594,0.47592
19.71,39.87847455,20.16725386,139,2025,5,3,4116,0,0,0,1,0,1,0,0.3607,0.42115
4.03,39.87847455,15.63074913,137,2025,3,4,709,0,0,1,1,0,0,0,0.703,0.77425
0.75,34.52374557,15.63074913,137,2017,11,4,0,1,1,0,0,0,0,0,0.44224,0.57607
1.1,53.59314855,15.63074913,147,2023,10,4,24,1,0,0,0,0,0,1,0.4413,0.6369
3,42.23639278,15.63074913,143,2023,2,4,33,1,1,0,0,0,0,0,0.2041,0.1351
2.5,34.52374557,15.63074913,133,2016,7,4,29,0,1,0,0,0,0,1,0.4598,0.64147
8.5,34.52374557,15.63074913,124,2022,5,4,0,1,0,0,0,0,0,1,0.5066,0.63857
1.5,53.59314855,15.63074913,135,2022,7,4,0,0,0,1,1,0,0,0,0.48612,0.65498
2.7,30.23687965,15.63074913,139,2018,10,4,34,1,0,0,1,0,1,1,0.58944,0.70547
31,58.78836239,29.96244531,161,2025,2,4,179,1,0,0,0,0,0,1,0.3411,0.4496
4.55,42.23639278,15.63074913,155,2024,10,4,30,1,0,1,0,0,0,0,0.37946,0.43977
0.1,34.52374557,15.63074913,117,2018,9,4,14,1,0,0,0,0,0,0,0.42136,0.52884
36,39.87847455,15.63074913,179,2023,6,4,257,1,0,0,0,0,0,1,0.2517,0.39135
15.73,39.87847455,15.63074913,159,2023,3,2,0,0,1,0,0,1,0,0,0.4825,0.65765
20.92,53.85106944,15.63074913,125,2021,8,3,16,0,0,1,1,0,0,0,0.4119,0.4019
2.5,67.43552812,15.63074913,155,2024,7,4,24,1,0,0,0,0,0,1,0.2499,0.44015
21.06,53.59314855,15.63074913,150,2019,3,3,28,1,0,1,0,0,0,1,0.4315,0.65885
0.03,34.52374557,15.63074913,108,2023,11,4,16,1,0,0,0,0,0,1,0.4832,0.5994
0.22,34.52374557,15.63074913,95,2016,5,4,0,1,0,0,0,0,0,0,0.45768,0.54778
4.25,34.52374557,15.63074913,115,2018,4,4,0,1,0,0,0,1,0,0,0.47308,0.62802
1.46,34.52374557,15.63074913,131,2025,7,4,192,1,0,0,0,0,0,1,0.2234,0
3.3,50.08554175,15.63074913,120,2019,2,4,1022,1,0,0,0,1,0,0,0.4204,0.4767
0.1,34.52374557,15.63074913,126,2017,10,4,23,1,0,0,0,0,0,0,0.37946,0.43977
0.5,34.52374557,0.964032676,166,2025,3,4,17,0,0,0,1,0,0,1,0.3223,0.39185
0.15,34.52374557,15.63074913,123,2017,1,4,0,0,1,0,0,0,0,0,0.50662,0.62984
1,40.56749372,15.63074913,0,2023,7,4,8,1,0,0,0,0,1,0,0.3116,0.46715
119.1193,34.52374557,15.63074913,119,2018,9,4,0,1,1,0,0,0,0,0,0.45598,0.62105
0.05,39.87847455,15.63074913,133,2021,3,4,0,0,0,0,0,0,0,1,0.43392,0.47673
0.03,34.52374557,15.63074913,143,2017,12,4,0,0,0,0,1,0,0,1,0.5227,0.67472
2,53.59314855,15.63074913,148,2025,1,4,11,1,0,0,0,0,0,1,0.3344,0.6114
0.36,34.52374557,15.63074913,100,2018,3,4,30,1,0,0,1,1,0,1,0.4171,0.59265
3.35,39.87847455,9.349955476,162,2025,7,4,37,1,0,0,0,1,0,0,0.33582,0.55877
0.005,34.52374557,15.63074913,74,2022,12,4,45,1,0,1,0,0,0,0,0.7014,0.7783
3.52,34.52374557,0,102,2018,5,4,37,1,1,0,0,0,0,1,0.6237,0.717
0.02,34.52374557,15.63074913,102,2019,1,4,594,1,0,0,0,0,0,0,0.6495,0.7933
0.02,39.87847455,15.63074913,116,2017,4,4,45,1,0,0,0,0,0,1,0.5605,0.66645
0.6,34.52374557,15.63074913,139,2024,4,4,13,1,0,0,0,0,0,1,0.5737,0.7676
0.11,34.52374557,15.63074913,129,2023,1,4,10,1,0,1,0,0,0,0,0.4133,0.5915
0.1,42.23639278,15.63074913,141,2016,9,4,37,0,1,0,0,0,0,0,0.46136,0.57613
94.943,34.52374557,15.63074913,94,2018,10,4,143,1,1,0,0,0,0,0,0.41076,0.52715
0.2,34.52374557,15.63074913,122,2024,11,4,17,1,0,0,0,0,0,1,0.5705,0.6369
42.3,39.87847455,15.63074913,167,2019,6,2,44,1,0,0,0,0,0,1,0.4278,0.60335
15.25,67.43552812,9.48159046,144,2022,10,1,14,0,0,1,1,0,0,0,0.2672,0.5291
7.32,50.08554175,15.63074913,145,2019,9,4,33,1,1,0,0,0,0,0,0.463,0.57882
20.42,42.23639278,15.63074913,107,2017,2,1,0,0,0,0,1,0,0,0,0.48612,0.65498
2.93,34.52374557,15.63074913,170,2022,4,4,18,0,0,0,0,0,0,1,0.3406,0.5106
3.8,100,15.63074913,105,2019,12,4,29,0,0,1,0,0,1,0,0.4281,0.5783
2.8,34.52374557,15.63074913,138,2023,10,4,11,0,0,0,1,0,0,1,0.4065,0.62235
15.3,72.76391152,15.63074913,125,2025,1,4,7,0,0,1,0,0,0,1,0.4658,0.6369
0.2,34.52374557,15.63074913,176,2025,9,4,16,1,0,1,0,0,0,0,0.4152,0.50055
0.15,34.52374557,15.63074913,141,2019,3,4,11,1,0,0,0,0,0,0,0.6009,0.67765
0.001,39.87847455,15.63074913,103,2022,10,4,0,1,1,0,0,0,0,0,0.45808,0.59273
8.01,58.78836239,29.96244531,126,2019,3,4,36,0,1,0,0,1,0,0,0.32358,0.37776
0.7,34.52374557,15.63074913,120,2016,10,4,42,1,0,0,0,0,1,0,0.4202,0.51045
6.42,39.87847455,15.63074913,140,2018,2,4,0,1,1,0,0,0,0,0,0.43666,0.48871
10.43,40.56749372,15.63074913,106,2017,8,4,50,1,0,0,0,0,0,0,0.2145,0.2846
0.02,34.52374557,15.63074913,125,2024,3,4,1163,1,0,0,0,0,0,1,0.6099,0.7935
2.9,34.52374557,15.63074913,92,2017,10,4,30,1,0,0,0,0,0,0,0.4444,0.5719
1.5,34.52374557,15.63074913,204,2025,9,4,85,1,0,0,0,0,0,1,0.4065,0.49875
0.5,34.52374557,15.63074913,108,2017,12,4,19,0,0,0,1,1,0,0,0.37946,0.43977
2.2,34.52374557,18.1462697,134,2023,10,4,11,0,0,1,0,0,0,1,0.2628,0.4404
16.5,50.08554175,30.78322815,146,2019,10,4,28,1,1,0,0,0,0,0,0.6347,0.7889
0.15,39.87847455,15.63074913,0,2022,11,4,23,1,1,0,0,0,0,0,0.37946,0.43977
8.62,42.23639278,15.63074913,142,2024,7,4,10,1,1,0,0,0,0,0,0.2198,0.2899
2.15,39.87847455,15.63074913,129,2018,8,4,28,1,0,0,0,0,0,1,0.488,0.6657
0.32,34.52374557,15.63074913,14,2018,4,4,1,1,0,0,0,0,0,0,0.37946,0.43977
0.1,69.90840608,15.63074913,120,2016,9,4,0,1,0,0,0,0,0,0,0.49486,0.60014
1.15,34.52374557,15.63074913,137,2025,4,4,151,0,0,1,0,0,0,1,0.3232,0.5106
0.08,96.78734388,15.63074913,115,2024,5,4,15,1,0,0,1,0,0,0,0.6077,0.8232
7.25,53.59314855,15.63074913,181,2024,4,3,9,0,0,0,0,0,0,1,0.3978,0.6249
0.29,34.52374557,15.63074913,116,2016,6,4,0,1,0,0,0,0,0,0,0.5185,0.65867
0.27,34.52374557,15.63074913,139,2016,11,4,30,0,0,1,0,0,0,0,0.4047,0.4757
127.1273,34.52374557,15.63074913,127,2019,8,4,0,1,0,0,0,0,1,1,0.46826,0.57847
6.5,64.60045577,15.63074913,142,2022,4,4,43,0,0,1,0,1,0,0,0.4461,0.4939
0.2,96.78734388,15.63074913,109,2022,9,4,30,1,0,0,0,0,0,1,0.2023,0.10115
10.58,39.87847455,15.63074913,159,2022,9,4,22,0,0,1,1,0,0,0,0.3041,0.493
3.52,0,15.63074913,157,2018,9,4,0,1,0,0,0,1,0,0,0.4379,0.52895
7.1,34.52374557,15.63074913,151,2016,8,3,0,0,0,1,0,0,0,0,0.4624,0.58588
121.1213,96.78734388,15.63074913,121,2018,3,4,0,1,1,0,0,0,0,0,0.39244,0.58482
20.12,30.23687965,15.63074913,155,2017,8,4,61,1,1,0,0,0,0,0,0.5094,0.64185
53.35,100,100,156,2019,10,2,0,0,0,1,1,0,0,0,0.36058,0.40371
20.22,39.87847455,15.63074913,124,2016,1,4,0,1,0,0,0,0,0,1,0.61026,0.75083
0.001,34.52374557,15.63074913,124,2017,5,4,10,1,0,0,0,0,0,0,0.37946,0.43977
0.1,34.52374557,15.63074913,109,2016,10,4,0,1,0,0,0,0,0,1,0.47486,0.51504
21.15,69.90840608,24.96031592,136,2017,6,4,29,1,0,0,0,0,0,0,0.6125,0.84
24.6,34.52374557,100,166,2024,1,3,10,0,0,1,0,0,0,1,0.2936,0.4316
0.04,34.52374557,15.63074913,127,2016,8,4,848,0,1,0,0,0,0,0,0.4889,0.6486
1.28,53.59314855,15.63074913,154,2018,9,4,16,1,0,0,0,0,0,0,0.20432,0.16664
5.14,40.56749372,15.63074913,123,2017,3,4,39,1,0,1,0,0,0,0,0.4589,0.61215
24.35,64.60045577,15.63074913,165,2025,6,4,0,0,1,0,1,0,0,0,0.44224,0.57607
8.71,53.59314855,19.56328158,138,2018,7,4,30,1,0,0,0,1,0,0,0.4567,0.4926
3.36,40.56749372,15.63074913,160,2018,2,4,59,1,0,1,1,0,0,0,0.4303,0.6059
0.18,34.52374557,15.63074913,122,2024,4,4,32,1,0,0,0,0,0,1,0.37946,0.43977
0.01,34.52374557,15.63074913,108,2019,3,4,9,0,0,0,0,0,0,1,0.4871,0.6369
0.25,53.59314855,15.63074913,129,2025,4,4,32,1,0,0,0,0,0,1,0.321,0.1279
0.12,34.52374557,15.63074913,96,2018,5,4,17,0,1,0,0,0,0,0,0.37946,0.43977
0.04,34.52374557,15.63074913,87,2019,2,4,622,1,0,0,0,0,0,0,0.5045,0.61715
0.35,34.52374557,0,142,2025,9,4,80,1,1,0,0,0,0,0,0.6098,0.7648
0.25,34.52374557,15.63074913,109,2016,11,4,0,1,0,0,0,0,0,0,0.43524,0.50411
0.3,34.52374557,15.63074913,121,2023,5,4,25,0,1,0,0,1,0,0,0.5138,0.7259
0.15,34.52374557,15.63074913,114,2017,2,4,43,0,1,0,0,1,0,0,0.3964,0.5148
0.25,34.52374557,15.63074913,111,2019,3,4,25,1,0,0,0,1,0,0,0.5578,0.69955
0.4,53.59314855,15.63074913,121,2023,12,4,14,0,0,1,1,0,0,0,0.502,0.70825
0.01,34.52374557,15.63074913,123,2016,8,3,0,1,0,1,0,0,0,0,0.20432,0.16664
0.11,34.52374557,15.63074913,109,2019,1,4,22,0,1,0,0,0,0,0,0.742,0.86195
15.25,34.52374557,15.63074913,143,2017,8,4,0,1,0,0,0,1,0,0,0.54148,0.6974
0.1,0,15.63074913,106,2017,10,4,0,0,0,0,1,0,0,0,0.44604,0.57761
0.001,34.52374557,15.63074913,128,2019,5,4,688,1,0,0,0,0,0,0,0.5502,0.6249
0.07,34.52374557,15.63074913,92,2017,5,4,0,1,0,0,0,0,0,1,0.39108,0.54534
0.31,0,15.63074913,120,2016,2,4,28,1,0,0,0,0,0,1,0.6019,0.7307
44.5,100,15.63074913,153,2023,11,6,618,0,0,1,1,0,0,0,0.0655,0
30.14,40.56749372,73.038058,151,2017,10,4,28,0,1,0,0,0,0,1,0.4937,0.62445
0.02,34.52374557,15.63074913,134,2017,4,4,31,1,0,0,0,0,0,0,0.5864,0.6418
11.83,64.60045577,18.1462697,154,2019,7,4,38,1,0,0,0,0,0,1,0.4982,0.6369
0.25,39.87847455,15.63074913,138,2023,9,4,6,1,0,0,0,0,0,1,0.36058,0.40371
0.4,39.87847455,15.63074913,129,2016,6,4,0,0,0,0,0,1,0,0,0.51518,0.64055
0.01,34.52374557,15.63074913,131,2016,7,4,0,0,1,0,0,1,0,0,0.477,0.57983
3.73,34.52374557,15.63074913,119,2021,11,4,0,0,0,1,1,0,0,0,0.46826,0.57847
10.04,39.87847455,20.16725386,128,2018,3,4,2212,0,0,0,1,0,1,0,0.1622,0.0386
14.11,39.87847455,27.75949514,143,2022,5,4,18,0,1,0,0,0,0,1,0.651,0.84555
2.9,53.59314855,15.63074913,147,2017,7,4,34,0,0,0,1,0,0,0,0.6715,0.78445
0.01,34.52374557,15.63074913,111,2019,10,4,0,1,0,0,0,0,0,0,0.44536,0.48633
0.24,34.52374557,15.63074913,122,2024,6,4,14,1,0,0,0,0,0,0,0.6256,0.6369
0.04,34.52374557,15.63074913,118,2018,9,4,23,0,0,0,0,1,0,0,0.6022,0.77735
28.5,69.90840608,15.63074913,159,2018,6,4,31,0,0,1,0,0,0,1,0.2945,0.24305
0.7,72.76391152,15.63074913,156,2023,10,3,72,1,0,0,0,1,0,0,0.41076,0.52715
7.53,42.23639278,15.63074913,138,2018,5,4,31,0,0,0,1,0,0,1,0.5636,0.73195
1.4,34.52374557,15.63074913,137,2017,11,4,0,1,0,0,1,1,0,0,0.477,0.57983
1.81,34.52374557,15.63074913,169,2022,11,4,8,1,0,0,0,0,0,1,0.5321,0.6309
0.3,39.87847455,15.63074913,126,2023,5,4,16,1,0,0,0,0,0,0,0.5903,0.8243
3.87,34.52374557,15.63074913,124,2022,10,4,0,1,1,0,0,0,0,0,0.43524,0.50411
0.03,34.52374557,15.63074913,103,2017,6,4,13,1,0,0,0,0,0,1,0.3377,0.4215
2.6,100,15.63074913,133,2021,11,4,18,0,1,0,0,0,1,0,0.4629,0.7161
0.02,34.52374557,15.63074913,108,2019,1,4,50,1,0,0,0,0,0,0,0.4372,0.4215
10.24,0,15.63074913,172,2016,10,4,45,1,0,1,0,0,0,0,0.3666,0.41
21.6,42.23639278,15.63074913,168,2019,4,2,29,1,0,0,0,1,0,1,0.37946,0.43977
0.66,30.23687965,15.63074913,103,2019,12,4,28,0,0,0,1,0,0,1,0.436,0.59775
10.36,100,15.63074913,132,2016,12,4,144,0,1,0,0,1,0,0,0.37946,0.43977
0.01,39.87847455,15.63074913,130,2022,3,4,13,1,0,0,0,0,0,1,0.5149,0.7336
12.06,42.23639278,15.63074913,145,2019,5,4,10,1,0,1,0,1,0,0,0.5992,0.7424
34.75,50.08554175,15.63074913,155,2018,6,4,30,1,0,0,0,0,0,1,0.5668,0.68385
0.06,58.78836239,15.63074913,116,2023,10,4,0,0,0,0,1,0,0,1,0.34306,0.38331
12.64,64.60045577,24.96031592,162,2021,12,4,24,0,0,0,0,0,0,1,0.6013,0.7184
0.005,69.90840608,15.63074913,109,2021,1,3,14,1,0,0,0,0,0,1,0.6148,0.7964
0.04,34.52374557,15.63074913,0,2021,2,4,0,1,0,0,0,0,0,1,0.42136,0.52884
0.14,34.52374557,15.63074913,123,2019,6,4,0,1,0,1,0,0,1,0,0.49536,0.62809
0.93,34.52374557,15.63074913,106,2024,9,4,28,1,0,0,0,1,0,0,0.4077,0.4665
12.5,34.52374557,15.63074913,157,2025,9,4,38,1,1,0,0,0,0,0,0.5403,0.6933
7.2,34.52374557,15.63074913,128,2016,2,4,87,1,0,1,0,0,0,0,0.6567,0.78755
0.06,100,15.63074913,125,2021,3,4,380,1,0,0,0,0,1,0,0.4847,0.6054
0.03,34.52374557,15.63074913,102,2016,6,4,0,1,0,0,0,0,0,0,0.27792,0.30548
0.5,34.52374557,15.63074913,133,2025,3,4,29,1,0,1,0,0,0,0,0.3934,0.6369
0.04,34.52374557,15.63074913,113,2023,11,4,19,1,0,0,0,0,0,1,0.42136,0.52884
0.005,34.52374557,15.63074913,49,2024,8,4,1908,1,0,1,0,0,0,0,0.3127,0.34
0.7,50.08554175,9.48159046,134,2019,9,4,22,0,1,0,0,0,0,1,0.5755,0.76575
0.05,34.52374557,15.63074913,151,2019,7,4,32,0,0,0,0,1,0,0,0.43534,0.52784
0.08,34.52374557,27.75949514,136,2024,11,4,1451,0,0,0,1,0,1,0,0.3226,0.3715
2.2,34.52374557,15.63074913,129,2016,10,4,36,0,0,0,0,1,0,0,0.51256,0.65009
15.81,69.90840608,30.78322815,144,2023,4,4,11,0,1,1,0,0,0,0,0.2899,0.64275
15.38,39.87847455,15.63074913,142,2022,11,4,650,0,0,0,1,0,1,0,0.4174,0.5571
0.03,34.52374557,15.63074913,95,2025,2,4,0,0,0,0,0,1,0,1,0.41088,0.4649
0.07,34.52374557,15.63074913,118,2016,3,4,0,1,0,0,0,0,0,0,0.4793,0.63125
0.05,34.52374557,15.63074913,138,2016,7,4,0,1,0,0,0,0,0,0,0.47536,0.5436
2.02,0,15.63074913,139,2016,11,4,4,1,0,0,0,0,0,1,0.37946,0.43977
0.01,34.52374557,15.63074913,128,2022,12,4,18,0,1,0,0,0,0,0,0.3877,0.4215
0.08,34.52374557,15.63074913,138,2025,9,4,9,1,0,0,0,1,0,0,0.5144,0.68995
0.8,34.52374557,15.63074913,134,2018,9,4,45,1,1,1,0,0,0,0,0.5536,0.6529
0.1,34.52374557,15.63074913,99,2023,9,4,1425,1,0,0,0,0,0,0,0.5051,0.6369
0.45,34.52374557,15.63074913,115,2016,6,4,30,0,0,1,1,0,1,0,0.3104,0.43095
0.02,34.52374557,15.63074913,133,2022,7,4,945,0,0,1,0,1,0,0,0.3207,0.3612
4.5,34.52374557,15.63074913,121,2019,7,4,24,1,0,1,1,0,1,1,0.5105,0.6124
7.48,72.76391152,15.63074913,156,2022,11,3,36,0,1,0,0,0,0,1,0.4338,0.70935
57,100,100,146,2023,1,2,34,0,0,1,1,0,0,0,0.3041,0.53945
2.5,34.52374557,15.63074913,149,2019,10,4,0,1,0,0,0,0,0,1,0.50662,0.62984
36.6,39.87847455,27.75949514,158,2024,11,4,16,0,1,0,0,0,0,1,0.47764,0.61173
0.003,39.87847455,15.63074913,125,2023,11,4,0,0,0,0,1,0,1,0,0.48754,0.62476
0.6,34.52374557,15.63074913,88,2017,11,1,0,0,0,0,1,0,0,0,0.44774,0.57061
0.3,34.52374557,15.63074913,117,2018,1,4,11,1,0,0,0,0,0,0,0.5428,0.71325
0.65,34.52374557,15.63074913,164,2018,8,4,31,1,0,0,0,0,0,0,0.565,0.6369
0.25,53.59314855,15.63074913,139,2022,11,4,28,0,0,0,0,0,0,1,0.44658,0.53087
0.12,34.52374557,15.63074913,135,2018,3,4,0,0,1,0,0,0,0,0,0.54062,0.62446
0.1,34.52374557,15.63074913,119,2017,9,4,0,1,0,0,0,0,0,1,0.551,0.59714
1.65,53.59314855,15.63074913,147,2022,2,4,0,0,1,0,0,1,0,0,0.37946,0.43977
1.35,42.23639278,15.63074913,106,2024,7,4,92,0,0,1,1,0,0,0,0.1599,0.3612
0.35,34.52374557,15.63074913,124,2018,3,4,15,0,1,0,0,0,0,0,0.5583,0.6762
0.17,34.52374557,15.63074913,148,2024,6,4,1,1,0,0,0,0,0,1,0.41088,0.4649
12.6,39.87847455,15.63074913,136,2017,9,4,0,0,0,1,1,0,0,0,0.36594,0.47592
4.32,34.52374557,15.63074913,136,2016,9,4,0,1,0,0,0,0,0,1,0.4065,0.49875
0.001,34.52374557,15.63074913,120,2017,3,4,21,1,1,0,0,0,0,0,0.5794,0.78735
0.8,30.23687965,15.63074913,140,2023,10,4,0,1,0,0,0,0,0,1,0.44904,0.63961
0.46,34.52374557,15.63074913,107,2017,8,4,0,1,0,0,0,0,1,0,0.36058,0.40371
0.01,34.52374557,15.63074913,142,2019,1,4,0,1,0,1,0,0,0,0,0.56428,0.72503
4.04,50.08554175,15.63074913,132,2017,8,4,46,0,0,1,1,0,0,0,0.5966,0.7177
5.02,53.59314855,15.63074913,130,2019,6,4,0,1,0,0,1,0,1,1,0.50662,0.62984
9.62,34.52374557,15.63074913,153,2025,4,3,2,1,0,1,0,0,0,0,0.4174,0.58815
13.25,53.59314855,30.78322815,149,2022,3,4,0,0,1,1,0,0,0,0,0.45862,0.62111
0.04,34.52374557,15.63074913,134,2021,11,4,20,1,1,0,0,0,0,0,0.6158,0.6309
10.5,34.52374557,15.63074913,156,2022,2,4,15,1,0,0,0,0,0,1,0.4608,0.6935
2.1,50.08554175,20.16725386,125,2019,5,4,22,0,0,0,1,0,0,0,0.4635,0.5961
0.2,53.59314855,15.63074913,140,2025,5,4,9,0,1,0,0,0,0,1,0.3752,0.6309
0.5,34.52374557,15.63074913,112,2018,10,4,0,1,0,0,0,1,0,0,0.52554,0.63736
6.12,72.76391152,15.63074913,156,2024,2,4,15,0,0,1,0,0,0,1,0.3402,0.55255
0.05,34.52374557,15.63074913,0,2024,2,4,695,1,0,0,1,0,0,0,0.6303,0.7826
0.01,34.52374557,15.63074913,127,2016,8,4,0,0,0,0,1,1,0,0,0.4917,0.60548
5.05,64.60045577,15.63074913,167,2017,2,4,50,1,0,1,0,1,0,0,0.532,0.73875
0.06,34.52374557,15.63074913,112,2016,6,4,0,0,0,0,1,0,0,0,0.38242,0.42558
0.01,34.52374557,15.63074913,108,2016,10,4,0,1,0,0,0,0,0,0,0.37946,0.43977
5.12,40.56749372,15.63074913,148,2017,3,4,14,0,0,1,1,0,0,0,0.5147,0.7307
2.71,0,15.63074913,105,2017,9,4,0,0,1,0,0,1,0,0,0.34268,0.55438
8.1,39.87847455,15.63074913,121,2022,10,1,0,1,1,0,0,0,0,0,0.51294,0.66359
12.25,42.23639278,19.56328158,139,2017,3,4,32,0,1,0,0,1,0,0,0.5071,0.64045
1.75,53.59314855,15.63074913,125,2017,11,4,35,1,0,0,0,0,0,0,0.6494,0.71035
6.5,39.87847455,15.63074913,175,2018,9,4,0,1,0,0,0,0,0,1,0.49928,0.64775
0.18,34.52374557,15.63074913,108,2017,7,4,0,0,0,0,1,0,0,0,0.54064,0.57426
0.95,34.52374557,15.63074913,142,2023,2,4,0,1,1,1,0,1,0,0,0.41012,0.46855
0.04,0,15.63074913,99,2017,11,4,0,1,0,0,0,0,0,0,0.44076,0.4864
0.19,34.52374557,15.63074913,116,2025,7,4,37,0,0,0,1,0,0,1,0.4574,0.70495
19.2,100,15.63074913,142,2016,4,4,59,1,0,1,0,0,0,0,0.4522,0.6472
0.1,34.52374557,15.63074913,95,2022,9,4,25,1,0,0,0,0,0,1,0.4257,0.5834
0.05,34.52374557,15.63074913,90,2024,6,4,114,1,1,0,0,0,0,0,0.5593,0.6745
0.1,39.87847455,15.63074913,134,2019,11,4,22,1,0,1,0,0,0,1,0.56672,0.61485
0.48,40.56749372,15.63074913,146,2019,10,4,0,1,0,1,0,0,0,1,0.34306,0.38331
0.1,34.52374557,15.63074913,124,2019,7,4,0,0,0,0,1,0,1,0,0.50062,0.66601
8.57,34.52374557,9.349955476,161,2017,7,4,15,0,1,0,1,0,0,0,0.6291,0.7807
0.04,34.52374557,15.63074913,117,2024,4,4,10,1,0,0,0,0,0,1,0.4709,0.6249
2.05,39.87847455,15.63074913,126,2024,5,4,0,0,0,0,1,0,1,0,0.49536,0.62809
0.03,34.52374557,15.63074913,130,2016,5,4,60,1,0,0,0,0,0,0,0.1496,0
0.25,34.52374557,0.964032676,118,2022,7,4,21,1,0,0,0,1,0,0,0.5021,0.4939
0.3,40.56749372,15.63074913,155,2018,6,4,44,1,0,1,0,0,0,1,0.44658,0.53087
1.75,34.52374557,15.63074913,115,2019,3,4,23,0,1,0,0,1,0,1,0.5155,0.5949
26.29,42.23639278,73.038058,145,2021,11,4,613,0,0,1,1,0,0,0,0.2324,0.39135
0.8,34.52374557,15.63074913,134,2023,8,4,1978,1,0,0,0,0,0,1,0.7012,0.79145
14,39.87847455,15.63074913,146,2019,8,3,36,1,0,1,1,0,1,0,0.5327,0.67565
0.75,39.87847455,15.63074913,137,2019,8,4,42,1,0,0,0,0,0,0,0.5947,0.74562
0.5,53.59314855,15.63074913,130,2022,9,4,0,0,1,0,0,1,0,0,0.4535,0.61799
0.8,34.52374557,15.63074913,115,2017,11,4,81,1,0,0,1,0,0,0,0.3728,0.52955
0.04,34.52374557,15.63074913,114,2017,4,4,0,1,0,0,0,0,0,1,0.41092,0.46908
1.75,100,15.63074913,119,2017,5,4,0,1,0,0,0,1,0,0,0.7029,0.8196
25.1,50.08554175,15.63074913,145,2018,3,4,0,1,0,1,0,0,0,0,0.47466,0.63936
1.1,34.52374557,15.63074913,178,2024,3,4,18,0,0,0,0,0,0,1,0.3598,0.6309
0.11,34.52374557,15.63074913,130,2016,2,4,0,0,1,0,0,1,0,0,0.5947,0.74562
29,100,15.63074913,179,2025,8,3,14,0,0,1,1,0,0,0,0.4856,0.69685
10.43,34.52374557,15.63074913,133,2025,6,4,0,1,0,0,0,0,0,0,0.47308,0.62802
10.43,34.52374557,15.63074913,100,2021,10,6,0,1,0,0,0,0,0,0,0.50662,0.62984
13.2,64.60045577,15.63074913,163,2025,9,4,25,0,0,1,0,1,0,0,0.5185,0.65867
7.37,58.78836239,15.63074913,136,2025,8,4,30,0,1,0,0,1,0,0,0.5825,0.7908
7.5,72.76391152,15.63074913,147,2025,8,4,21,0,1,1,0,0,0,0,0.51518,0.64055
8.75,42.23639278,15.63074913,151,2016,11,4,37,1,0,0,0,0,0,0,0.6398,0.81635
75,34.52374557,15.63074913,169,2023,9,3,59,0,0,1,1,0,0,0,0.4624,0.58588
0.65,0,15.63074913,113,2018,10,4,0,0,0,0,1,0,0,1,0.47486,0.51504
43.7,72.76391152,73.038058,144,2024,11,4,25,1,0,1,0,0,0,0,0.44972,0.63695
10.11,42.23639278,19.56328158,136,2025,10,3,29,0,1,0,0,1,0,0,0.40316,0.57548
5.78,53.59314855,15.63074913,156,2025,1,4,812,0,0,1,1,0,0,0,0.592,0.78735
138.1383,34.52374557,15.63074913,138,2019,8,4,240,1,0,1,0,0,0,1,0.4695,0.5391
0.0005,34.52374557,15.63074913,110,2016,12,4,22,1,0,0,0,0,0,0,0.20432,0.16664
7.02,72.76391152,15.63074913,143,2024,2,4,0,1,0,0,0,1,0,0,0.5692,0.69955
1.1,34.52374557,15.63074913,122,2023,11,4,48,0,1,0,0,0,0,1,0.7141,0.8246
16.07,34.52374557,15.63074913,164,2024,4,3,4916,0,0,1,1,0,0,0,0.4479,0.5931
46,72.76391152,15.63074913,143,2024,8,3,0,0,1,0,0,0,0,1,0.47308,0.62802
1.63,34.52374557,15.63074913,144,2024,3,4,17,1,1,0,0,0,0,0,0.5915,0.7992
10.7,100,15.63074913,133,2022,6,4,0,0,0,0,0,0,0,1,0.45986,0.52352
1.6,34.52374557,15.63074913,120,2018,8,4,0,1,0,0,0,0,0,0,0.47536,0.5436
0.05,40.56749372,15.63074913,153,2025,7,4,11,1,0,0,0,0,1,0,0.314,0.39135
15.21,72.76391152,18.1462697,132,2024,3,4,15,0,0,0,1,0,0,1,0.5105,0.71365
125.1253,34.52374557,15.63074913,125,2020,10,4,14,0,1,0,0,1,0,0,0.44322,0.62352
10.43,34.52374557,15.63074913,25,2021,7,4,0,0,0,0,0,1,0,0,0.53384,0.58223
0.92,42.23639278,15.63074913,115,2025,7,4,943,0,1,0,0,1,0,0,0.5415,0.6634
6.82,34.52374557,15.63074913,128,2018,8,4,0,0,1,0,0,0,0,1,0.32358,0.37776
143.1433,34.52374557,15.63074913,143,2017,1,2,49,0,0,1,1,0,1,0,0.3573,0.47295
0.15,39.87847455,15.63074913,150,2024,3,4,0,1,0,1,0,0,0,0,0.44444,0.59868
0.5,34.52374557,15.63074913,134,2025,9,4,4348,0,0,0,1,0,0,0,0.5665,0.66745
9.25,64.60045577,15.63074913,146,2023,6,3,0,0,1,0,0,1,0,0,0.20432,0.16664
10.43,34.52374557,15.63074913,96,2022,5,5,0,1,0,0,0,0,0,0,0.50662,0.62984
112.1123,53.59314855,15.63074913,112,2021,7,4,11,0,1,0,0,1,0,0,0.549,0.62465
10.28,34.52374557,15.63074913,123,2024,3,4,34,1,1,0,0,0,0,0,0.7371,0.86835
8.3,100,15.63074913,150,2018,9,4,119,1,1,0,0,0,0,1,0.37946,0.43977
3.51,34.52374557,15.63074913,123,2022,4,4,0,0,0,1,1,0,0,1,0.4133,0.55651
0.26,34.52374557,15.63074913,105,2017,3,4,0,0,0,0,1,0,0,1,0.56428,0.72503
0.13,34.52374557,15.63074913,131,2017,6,4,29,1,0,0,0,0,0,0,0.5185,0.65867
9.28,42.23639278,15.63074913,148,2022,6,4,33,0,1,0,0,0,0,1,0.325,0.4588
0.02,34.52374557,15.63074913,138,2022,10,4,439,1,1,0,0,0,0,0,0.1781,0.27115
4.25,64.60045577,24.96031592,143,2024,6,4,27,0,0,0,0,0,0,1,0.4873,0.6652
4.7,34.52374557,15.63074913,124,2024,12,4,151,1,0,0,0,0,0,1,0.44604,0.57761
0.3,34.52374557,15.63074913,123,2025,7,4,18,1,0,0,0,0,1,0,0.4226,0.42425
0.01,34.52374557,15.63074913,100,2019,1,4,0,1,0,0,0,0,0,0,0.37946,0.43977
0.5,39.87847455,15.63074913,141,2021,4,4,0,0,0,0,1,0,0,1,0.46554,0.60727
0.4,34.52374557,15.63074913,135,2022,10,4,15,1,0,0,0,0,0,1,0.45808,0.59273
0.32,0,15.63074913,100,2016,4,4,0,1,1,0,0,0,0,0,0.5185,0.65867
6.75,53.59314855,15.63074913,150,2024,8,3,5,1,0,1,0,0,0,0,0.6276,0.83555
88.883,53.59314855,15.63074913,88,2022,11,4,20,0,0,0,0,1,0,1,0.32746,0.43438
4.25,42.23639278,15.63074913,131,2024,3,4,15,0,0,1,0,0,0,0,0.2581,0.3612
0.35,34.52374557,15.63074913,101,2024,2,4,0,1,1,0,0,0,0,0,0.34306,0.38331
0.35,34.52374557,15.63074913,109,2020,3,4,17,1,1,0,0,0,0,0,0.4988,0.6429
0.15,34.52374557,15.63074913,105,2025,2,0,0,1,0,1,1,0,1,0,0.293,0.432
0.04,34.52374557,15.63074913,129,2024,4,4,15,1,0,0,0,1,0,0,0.3293,0.3397
6.3,39.87847455,0.964032676,127,2016,9,4,31,0,0,0,0,0,0,1,0.4922,0.6369
4.02,34.52374557,15.63074913,152,2025,7,4,7,1,0,0,0,0,0,0,0.3437,0.6369
1.5,42.23639278,15.63074913,130,2023,4,4,15,1,0,1,0,0,0,0,0.4471,0.66905
0.1,53.59314855,15.63074913,110,2022,8,3,51,1,1,0,0,0,0,1,0.6266,0.7263
99.993,34.52374557,15.63074913,99,2017,12,2,0,1,0,0,0,0,0,1,0.46136,0.57613
0.65,69.90840608,15.63074913,0,2025,5,3,33,0,0,1,0,0,0,0,0.46906,0.67835
0.5,34.52374557,15.63074913,156,2024,7,4,168,1,0,0,0,0,1,0,0.2091,0.0129
0.74,34.52374557,15.63074913,135,2020,12,4,27,0,1,0,0,1,0,0,0.478,0.67915
4.08,42.23639278,15.63074913,137,2017,1,4,29,1,0,0,0,1,0,0,0.4069,0.51305
0.96,34.52374557,15.63074913,106,2017,9,4,84,1,0,0,0,0,0,1,0.4215,0.4215
1.27,53.59314855,15.63074913,135,2023,3,4,3,1,0,0,0,0,0,1,0.2086,0.148
105.1053,34.52374557,15.63074913,105,2018,10,5,8,1,0,0,0,1,0,0,0.41088,0.4649
1.31,53.59314855,15.63074913,146,2022,7,4,711,1,0,1,0,1,0,0,0.5523,0.7303
0.06,53.59314855,15.63074913,132,2025,9,4,18,1,0,0,0,1,0,0,0.6984,0.81185
0.22,39.87847455,15.63074913,118,2020,12,4,0,0,1,0,0,1,0,0,0.47388,0.50368
2.1,34.52374557,15.63074913,132,2017,5,4,0,1,0,0,0,0,0,0,0.54062,0.62446
0.45,34.52374557,15.63074913,114,2016,6,4,30,0,0,1,1,0,0,1,0.3104,0.43095
0.01,34.52374557,15.63074913,143,2019,10,4,3,1,0,0,0,0,0,0,0.37946,0.43977
11.94,64.60045577,15.63074913,139,2016,4,4,0,0,0,1,0,1,0,0,0.45862,0.62111
0.04,34.52374557,15.63074913,115,2017,5,4,93,1,0,0,0,0,0,0,0.4215,0.4215
129.1293,34.52374557,15.63074913,129,2022,11,4,0,1,1,0,0,0,1,1,0.52618,0.65507
7.05,39.87847455,25.95144992,128,2022,7,4,2985,0,0,1,1,0,0,0,0.4086,0.6413
0.15,34.52374557,15.63074913,134,2020,1,4,17,1,1,1,0,0,1,0,0.37946,0.43977
5.49,72.76391152,29.96244531,132,2023,6,4,11,0,1,0,0,1,0,0,0.54004,0.70186
