Day1_collection_cr,Production_House_Score,Director_Score,Runtime (min),Release_Year,Release_Month,Release_Day_of_Week,Promotion_Duration_Days,Genre_Drama,Genre_Comedy,Genre_Action,Genre_Thriller,Genre_Romance,Genre_Crime,Genre_Other,avg_sentiment,median_sentiment,viewCount,likeCount,commentCount
5.03,53.59314854511398,15.630749131525878,140.0,2021.0,11.0,4.0,17.0,0.0,0.0,1.0,0.0,0.0,1.0,0.0,0.5578,0.736,53245648.0,578611.0,8961.0
10.26,67.43552811607532,15.630749131525878,156.0,2023.0,8.0,4.0,8.0,1.0,1.0,0.0,0.0,0.0,0.0,0.0,0.436,0.6309,51588258.0,689532.0,36965.0
1.22,34.523745571560404,15.630749131525878,119.0,2017.0,7.0,4.0,280.0,1.0,0.0,0.0,0.0,0.0,0.0,0.0,0.4617,0.69195,11617106.0,42483.0,2606.0
8.75,53.59314854511398,15.630749131525878,150.0,2019.0,1.0,4.0,38.0,1.0,0.0,0.0,0.0,0.0,0.0,1.0,0.5617,0.74565,34539546.0,917320.0,57075.0
10.25,100.0,15.630749131525878,158.0,2022.0,7.0,4.0,28.0,1.0,0.0,1.0,0.0,0.0,0.0,0.0,0.2448,0.39135,108941735.0,1178795.0,49240.0
0.1,34.523745571560404,15.630749131525878,113.0,2017.0,3.0,4.0,29.0,1.0,0.0,0.0,0.0,0.0,0.0,0.0,0.5511,0.6249,2387367.0,4399.0,173.0
1.3,34.523745571560404,15.630749131525878,123.0,2024.0,11.0,4.0,9.0,1.0,0.0,0.0,0.0,0.0,1.0,0.0,0.503,0.74905,23374108.0,236325.0,6267.0
0.001,34.523745571560404,15.630749131525878,149.0,2025.0,4.0,4.0,27.0,0.0,1.0,0.0,0.0,0.0,0.0,1.0,0.5313,0.7213,15056580.0,292603.0,57580.0
2.05,34.523745571560404,15.630749131525878,122.0,2017.0,8.0,4.0,45.0,1.0,0.0,1.0,0.0,0.0,0.0,0.0,0.4433,0.56465,15607443.0,107952.0,2375.0
0.01,53.59314854511398,15.630749131525878,127.0,2023.0,6.0,4.0,25.0,0.0,0.0,0.0,1.0,0.0,1.0,0.0,0.53566,0.6691900000000001,28736934.0,71117.0,4386.0
1.4,34.523745571560404,15.630749131525878,147.0,2025.0,1.0,4.0,11.0,1.0,0.0,1.0,0.0,0.0,0.0,0.0,0.5524,0.69665,20309013.0,148874.0,3389.0
0.2,34.523745571560404,15.630749131525878,148.0,2024.0,4.0,4.0,11.0,1.0,0.0,0.0,0.0,0.0,0.0,1.0,0.2578,0.3435,8922992.0,72396.0,17462.0
1.25,34.523745571560404,15.630749131525878,120.0,2023.0,7.0,4.0,9.0,1.0,0.0,0.0,0.0,0.0,1.0,0.0,0.4378,0.5352,10156409.0,130540.0,15519.0
4.75,39.87847455489328,27.759495141120446,165.0,2019.0,11.0,4.0,31.0,1.0,1.0,0.0,0.0,0.0,0.0,0.0,0.6456,0.73495,39218135.0,573549.0,17416.0
7.03,39.87847455489328,15.630749131525878,136.0,2019.0,11.0,4.0,0.0,1.0,0.0,1.0,0.0,1.0,0.0,0.0,0.54148,0.6974,488863076.0,3564463.0,87965.0
0.07,34.523745571560404,15.630749131525878,105.0,2018.0,1.0,4.0,0.0,1.0,0.0,0.0,0.0,0.0,0.0,1.0,0.5185000000000001,0.6586700000000001,7650297.0,79123.0,4046.0
40.1,53.59314854511398,15.630749131525878,170.0,2023.0,8.0,4.0,16.0,0.0,0.0,1.0,0.0,0.0,0.0,1.0,0.3882,0.6697,67903840.0,1136355.0,80979.0
1.2,34.523745571560404,15.630749131525878,145.0,2019.0,3.0,4.0,53.0,1.0,0.0,0.0,0.0,0.0,0.0,0.0,0.36594000000000004,0.47592,21773768.0,242379.0,7671.0
10.27,34.523745571560404,25.951449920631845,135.0,2017.0,5.0,4.0,39.0,0.0,0.0,0.0,0.0,1.0,0.0,0.0,0.5336,0.6647,41679702.0,304256.0,16025.0
0.06,34.523745571560404,15.630749131525878,90.0,2017.0,3.0,4.0,674.0,1.0,0.0,0.0,0.0,0.0,0.0,0.0,0.5994,0.5994,121569.0,391.0,4.0
0.1,34.523745571560404,15.630749131525878,124.0,2016.0,8.0,4.0,0.0,0.0,1.0,0.0,0.0,0.0,0.0,0.0,0.45861999999999997,0.62111,9370748.0,81473.0,2242.0
0.32,34.523745571560404,15.630749131525878,128.0,2017.0,6.0,4.0,39.0,0.0,1.0,0.0,0.0,0.0,0.0,0.0,0.5984,0.77145,20570249.0,167169.0,3118.0
2.86,39.87847455489328,3.1940841689573727,136.0,2016.0,12.0,4.0,367.0,1.0,0.0,0.0,0.0,0.0,0.0,0.0,0.4594,0.6249,569007444.0,2403382.0,44067.0
0.12,34.523745571560404,15.630749131525878,110.0,2017.0,2.0,4.0,24.0,1.0,0.0,0.0,0.0,0.0,0.0,0.0,0.37946,0.43976999999999994,830.0,12.0,0.0
0.1,34.523745571560404,15.630749131525878,125.0,2017.0,4.0,4.0,0.0,1.0,0.0,0.0,0.0,0.0,0.0,0.0,0.4535600000000001,0.51555,1040898.0,7360.0,398.0
0.03,34.523745571560404,15.630749131525878,0.0,2023.0,10.0,4.0,17.0,1.0,1.0,0.0,0.0,0.0,0.0,0.0,0.7134,0.8402,2546783.0,1487.0,138.0
0.25,34.523745571560404,15.630749131525878,139.0,2024.0,9.0,4.0,8.0,1.0,0.0,0.0,0.0,0.0,0.0,1.0,0.3533,0.4019,1253274.0,7312.0,739.0
10.7,34.523745571560404,15.630749131525878,125.0,2018.0,6.0,4.0,37.0,1.0,1.0,0.0,0.0,0.0,0.0,0.0,0.39243999999999996,0.5848199999999999,43514762.0,338572.0,19775.0
20.52,39.87847455489328,15.630749131525878,141.0,2018.0,8.0,2.0,48.0,0.0,0.0,1.0,0.0,0.0,0.0,1.0,0.5024,0.61215,56213044.0,585693.0,34608.0
10.43,34.523745571560404,15.630749131525878,139.0,2017.0,1.0,2.0,89.0,1.0,0.0,0.0,0.0,0.0,0.0,0.0,0.2945,0.3818,277180.0,1757.0,63.0
0.3,34.523745571560404,15.630749131525878,116.0,2017.0,4.0,4.0,0.0,0.0,0.0,1.0,0.0,1.0,0.0,0.0,0.37946,0.43977000000000005,13449.0,74.0,8.0
1.25,58.78836238720199,15.630749131525878,106.0,2019.0,7.0,4.0,36.0,1.0,1.0,1.0,0.0,0.0,0.0,0.0,0.7447,0.90485,27985291.0,256006.0,9482.0
0.5,34.523745571560404,15.630749131525878,141.0,2025.0,9.0,4.0,18.0,0.0,1.0,0.0,0.0,1.0,0.0,0.0,0.3676,0.3612,10457719.0,122124.0,9119.0
0.4,50.0855417531664,15.630749131525878,104.0,2016.0,4.0,4.0,0.0,1.0,0.0,0.0,1.0,0.0,0.0,0.0,0.44604,0.57761,3747263.0,5146.0,199.0
0.02,39.87847455489328,15.630749131525878,126.0,2022.0,10.0,4.0,20.0,1.0,0.0,0.0,0.0,1.0,0.0,0.0,0.5207,0.76835,9316878.0,67211.0,2196.0
0.01,34.523745571560404,15.630749131525878,112.0,2022.0,10.0,4.0,29.0,1.0,0.0,0.0,0.0,1.0,0.0,0.0,0.37946,0.43976999999999994,16.0,1.0,0.0
11.25,72.76391152345468,15.630749131525878,164.0,2024.0,12.0,2.0,16.0,0.0,0.0,1.0,1.0,0.0,0.0,0.0,-0.041,-0.34,72896688.0,502021.0,52858.0
10.43,34.523745571560404,15.630749131525878,129.0,2016.0,5.0,4.0,0.0,0.0,0.0,0.0,0.0,0.0,1.0,0.0,0.44536,0.48633000000000004,1184321.0,8058.0,412.0
0.4,53.59314854511398,15.630749131525878,140.0,2025.0,7.0,4.0,10.0,1.0,0.0,0.0,0.0,1.0,0.0,0.0,0.5701,0.7265,11185057.0,44805.0,1876.0
2.32,0.0,15.630749131525878,126.0,2016.0,8.0,4.0,11.0,0.0,1.0,0.0,0.0,0.0,0.0,0.0,0.37946,0.43976999999999994,145.0,1.0,0.0
1.0,39.87847455489328,15.630749131525878,123.0,2021.0,1.0,4.0,16.0,1.0,0.0,0.0,0.0,0.0,0.0,0.0,0.338,0.43475,10086412.0,95096.0,5434.0
0.25,50.0855417531664,15.630749131525878,0.0,2018.0,5.0,4.0,16.0,1.0,0.0,0.0,0.0,0.0,0.0,0.0,0.4933,0.59265,5320896.0,46943.0,2364.0
16.1,50.0855417531664,15.630749131525878,150.0,2017.0,9.0,4.0,39.0,0.0,1.0,1.0,0.0,0.0,0.0,0.0,0.6433,0.8241,46670814.0,283843.0,18398.0
0.25,34.523745571560404,15.630749131525878,161.0,2025.0,5.0,4.0,24.0,1.0,0.0,0.0,0.0,0.0,0.0,1.0,0.3295,0.5164,12525037.0,68902.0,4170.0
11.7,30.236879653234688,15.630749131525878,164.0,2022.0,8.0,3.0,0.0,1.0,0.0,0.0,0.0,0.0,0.0,1.0,0.472,0.59265,2784094.0,32093.0,1209.0
0.1,34.523745571560404,15.630749131525878,110.0,2017.0,6.0,4.0,311.0,1.0,0.0,0.0,0.0,0.0,0.0,0.0,0.5896,0.7711,1172591.0,11592.0,424.0
0.02,34.523745571560404,15.630749131525878,106.0,2017.0,6.0,4.0,2156.0,0.0,0.0,0.0,1.0,0.0,0.0,1.0,0.2962,0.25,381524.0,412.0,31.0
4.12,34.523745571560404,15.630749131525878,173.0,2019.0,12.0,4.0,31.0,1.0,0.0,0.0,0.0,0.0,0.0,1.0,0.43764000000000003,0.5698,53035325.0,869067.0,104804.0
2.1,34.523745571560404,9.481590460335283,110.0,2016.0,2.0,4.0,2089.0,0.0,1.0,0.0,0.0,0.0,0.0,0.0,0.5232,0.6249,561726.0,732.0,166.0
0.4,30.236879653234688,15.630749131525878,135.0,2019.0,11.0,4.0,35.0,1.0,1.0,0.0,0.0,0.0,0.0,0.0,0.61,0.631,26436202.0,360872.0,7447.0
1.45,39.87847455489328,15.630749131525878,123.0,2019.0,9.0,4.0,2.0,1.0,0.0,0.0,0.0,0.0,0.0,0.0,0.34306000000000003,0.38331,319852.0,1073.0,84.0
2.1,34.523745571560404,15.630749131525878,112.0,2017.0,2.0,4.0,30.0,0.0,0.0,0.0,1.0,0.0,0.0,0.0,0.0,0.0,22144.0,4.0,2.0
1.1,34.523745571560404,15.630749131525878,148.0,2022.0,6.0,4.0,25.0,1.0,0.0,1.0,0.0,0.0,0.0,1.0,0.44444,0.5986800000000001,31391051.0,775329.0,23840.0
0.4,34.523745571560404,15.630749131525878,139.0,2021.0,8.0,4.0,162.0,1.0,0.0,0.0,1.0,0.0,0.0,0.0,0.2997,0.4588,13220008.0,244007.0,15905.0
2.77,39.87847455489328,15.630749131525878,125.0,2017.0,9.0,4.0,38.0,1.0,0.0,0.0,0.0,0.0,0.0,0.0,0.492,0.65795,13544977.0,118089.0,5186.0
63.8,39.87847455489328,15.630749131525878,203.0,2023.0,12.0,4.0,0.0,0.0,0.0,1.0,1.0,0.0,0.0,0.0,0.38195999999999997,0.44377000000000005,2000272.0,135606.0,4815.0
0.19,34.523745571560404,15.630749131525878,108.0,2017.0,2.0,4.0,0.0,1.0,0.0,0.0,0.0,0.0,0.0,1.0,0.47485999999999995,0.51504,3111482.0,21563.0,695.0
0.02,34.523745571560404,15.630749131525878,120.0,2017.0,11.0,4.0,22.0,1.0,0.0,0.0,0.0,0.0,0.0,0.0,0.5379,0.7357,907056.0,5707.0,90.0
10.7,34.523745571560404,15.630749131525878,158.0,2025.0,6.0,4.0,0.0,1.0,1.0,0.0,0.0,0.0,0.0,0.0,0.49344,0.64378,6776780.0,485891.0,10498.0
0.03,34.523745571560404,15.630749131525878,100.0,2025.0,3.0,4.0,7.0,1.0,0.0,0.0,0.0,1.0,0.0,0.0,0.4309,0.53265,17004.0,363.0,19.0
149.1493,34.523745571560404,15.630749131525878,149.0,2016.0,4.0,4.0,15.0,0.0,0.0,1.0,0.0,0.0,1.0,0.0,0.2406,0.0,16557822.0,137391.0,2050.0
1.2,34.523745571560404,15.630749131525878,112.0,2023.0,10.0,4.0,0.0,0.0,0.0,1.0,0.0,0.0,0.0,1.0,0.37946,0.43976999999999994,715.0,3.0,1.0
1.1,34.523745571560404,15.630749131525878,107.0,2016.0,3.0,4.0,32.0,1.0,1.0,0.0,0.0,0.0,0.0,0.0,0.645,0.765,70796.0,188.0,23.0
5.61,39.87847455489328,15.630749131525878,154.0,2017.0,6.0,4.0,33.0,0.0,0.0,1.0,0.0,1.0,0.0,0.0,0.37946,0.43976999999999994,129.0,1.0,0.0
0.46,34.523745571560404,15.630749131525878,131.0,2017.0,6.0,4.0,24.0,0.0,0.0,0.0,1.0,0.0,0.0,1.0,0.41075999999999996,0.52715,10791712.0,58324.0,4027.0
3.76,39.87847455489328,3.1940841689573727,130.0,2018.0,3.0,4.0,0.0,0.0,0.0,0.0,1.0,0.0,0.0,1.0,0.46512000000000003,0.61842,8495985.0,100074.0,3095.0
0.006,34.523745571560404,15.630749131525878,122.0,2018.0,5.0,4.0,1267.0,1.0,0.0,0.0,0.0,0.0,0.0,0.0,0.5899,0.61215,2508210.0,16663.0,493.0
0.05,34.523745571560404,15.630749131525878,119.0,2024.0,4.0,4.0,185.0,1.0,0.0,0.0,0.0,0.0,0.0,0.0,-0.1143,-0.296,229941.0,1020.0,69.0
6.0,30.236879653234688,15.630749131525878,138.0,2019.0,1.0,4.0,30.0,1.0,0.0,0.0,0.0,0.0,0.0,1.0,0.4831,0.59715,35609845.0,672673.0,32397.0
0.9,34.523745571560404,15.630749131525878,91.0,2018.0,7.0,4.0,28.0,0.0,0.0,0.0,0.0,0.0,0.0,1.0,0.43789999999999996,0.52895,5723918.0,6599.0,0.0
0.25,34.523745571560404,15.630749131525878,125.0,2024.0,2.0,4.0,9.0,1.0,0.0,0.0,0.0,0.0,0.0,1.0,0.4799,0.771,6909974.0,146751.0,7495.0
29.78,34.523745571560404,15.630749131525878,161.0,2016.0,12.0,4.0,64.0,0.0,0.0,0.0,0.0,0.0,0.0,1.0,0.3813,0.44105,74045917.0,431305.0,30623.0
22.0,100.0,25.951449920631845,156.0,2025.0,7.0,4.0,45.0,1.0,0.0,0.0,0.0,1.0,0.0,0.0,0.5909,0.7611,507377132.0,3935476.0,148321.0
1.1,34.523745571560404,15.630749131525878,130.0,2017.0,11.0,4.0,0.0,0.0,0.0,0.0,0.0,1.0,0.0,0.0,0.5185000000000001,0.6586700000000001,7798405.0,57128.0,557.0
0.03,34.523745571560404,15.630749131525878,0.0,2024.0,3.0,4.0,0.0,1.0,0.0,0.0,0.0,0.0,0.0,1.0,0.36594000000000004,0.47592,21883747.0,408142.0,39756.0
0.3,34.523745571560404,15.630749131525878,100.0,2023.0,11.0,4.0,0.0,1.0,0.0,0.0,0.0,0.0,0.0,0.0,0.36594000000000004,0.47592,21845017.0,21417.0,904.0
19.71,39.87847455489328,20.167253861938136,139.0,2025.0,5.0,3.0,4116.0,0.0,0.0,0.0,1.0,0.0,1.0,0.0,0.3607,0.42115,1085683.0,5564.0,182.0
4.03,39.87847455489328,15.630749131525878,137.0,2025.0,3.0,4.0,709.0,0.0,0.0,1.0,1.0,0.0,0.0,0.0,0.703,0.77425,3122966.0,21240.0,1120.0
0.75,34.523745571560404,15.630749131525878,137.0,2017.0,11.0,4.0,0.0,1.0,1.0,0.0,0.0,0.0,0.0,0.0,0.44223999999999997,0.57607,76580584.0,887585.0,33563.0
1.1,53.59314854511398,15.630749131525878,147.0,2023.0,10.0,4.0,24.0,1.0,0.0,0.0,0.0,0.0,0.0,1.0,0.4413,0.6369,25437577.0,204002.0,6919.0
3.0,42.23639277527201,15.630749131525878,143.0,2023.0,2.0,4.0,33.0,1.0,1.0,0.0,0.0,0.0,0.0,0.0,0.2041,0.1351,37599401.0,580803.0,38446.0
2.5,34.523745571560404,15.630749131525878,133.0,2016.0,7.0,4.0,29.0,0.0,1.0,0.0,0.0,0.0,0.0,1.0,0.4598,0.6414700000000001,23229664.0,57111.0,0.0
8.5,34.523745571560404,15.630749131525878,124.0,2022.0,5.0,4.0,0.0,1.0,0.0,0.0,0.0,0.0,0.0,1.0,0.5065999999999999,0.63857,12932508.0,207152.0,7260.0
1.5,53.59314854511398,15.630749131525878,135.0,2022.0,7.0,4.0,0.0,0.0,0.0,1.0,1.0,0.0,0.0,0.0,0.48612,0.65498,23911008.0,10217.0,269.0
2.7,30.236879653234688,15.630749131525878,139.0,2018.0,10.0,4.0,34.0,1.0,0.0,0.0,1.0,0.0,1.0,1.0,0.58944,0.7054699999999999,28515281.0,243765.0,9016.0
31.0,58.78836238720199,29.96244531340741,161.0,2025.0,2.0,4.0,179.0,1.0,0.0,0.0,0.0,0.0,0.0,1.0,0.3411,0.4496,30883926.0,506567.0,24108.0
4.55,42.23639277527201,15.630749131525878,155.0,2024.0,10.0,4.0,30.0,1.0,0.0,1.0,0.0,0.0,0.0,0.0,0.37946,0.43976999999999994,2643.0,64.0,0.0
0.1,34.523745571560404,15.630749131525878,117.0,2018.0,9.0,4.0,14.0,1.0,0.0,0.0,0.0,0.0,0.0,0.0,0.42136000000000007,0.52884,470275.0,6707.0,214.0
36.0,39.87847455489328,15.630749131525878,179.0,2023.0,6.0,4.0,257.0,1.0,0.0,0.0,0.0,0.0,0.0,1.0,0.2517,0.39135,110377936.0,1795732.0,91103.0
15.73,39.87847455489328,15.630749131525878,159.0,2023.0,3.0,2.0,0.0,0.0,1.0,0.0,0.0,1.0,0.0,0.0,0.4825,0.65765,151659581.0,628295.0,9009.0
20.92,53.85106944096942,15.630749131525878,125.0,2021.0,8.0,3.0,16.0,0.0,0.0,1.0,1.0,0.0,0.0,0.0,0.4119,0.4019,53809097.0,857219.0,111266.0
2.5,67.43552811607532,15.630749131525878,155.0,2024.0,7.0,4.0,24.0,1.0,0.0,0.0,0.0,0.0,0.0,1.0,0.2499,0.44015,83804275.0,812431.0,34804.0
21.06,53.59314854511398,15.630749131525878,150.0,2019.0,3.0,3.0,28.0,1.0,0.0,1.0,0.0,0.0,0.0,1.0,0.4315,0.65885,62115716.0,1209451.0,79769.0
0.03,34.523745571560404,15.630749131525878,108.0,2023.0,11.0,4.0,16.0,1.0,0.0,0.0,0.0,0.0,0.0,1.0,0.4832,0.5994,278462.0,908.0,54.0
0.22,34.523745571560404,15.630749131525878,95.0,2016.0,5.0,4.0,0.0,1.0,0.0,0.0,0.0,0.0,0.0,0.0,0.45768000000000003,0.54778,1693481.0,31298.0,967.0
4.25,34.523745571560404,15.630749131525878,115.0,2018.0,4.0,4.0,0.0,1.0,0.0,0.0,0.0,1.0,0.0,0.0,0.47307999999999995,0.62802,90154797.0,670316.0,43463.0
1.46,34.523745571560404,15.630749131525878,131.0,2025.0,7.0,4.0,192.0,1.0,0.0,0.0,0.0,0.0,0.0,1.0,0.2234,0.0,3167136.0,133924.0,4669.0
3.3,50.0855417531664,15.630749131525878,120.0,2019.0,2.0,4.0,1022.0,1.0,0.0,0.0,0.0,1.0,0.0,0.0,0.4204,0.4767,50219792.0,333614.0,8961.0
0.1,34.523745571560404,15.630749131525878,126.0,2017.0,10.0,4.0,23.0,1.0,0.0,0.0,0.0,0.0,0.0,0.0,0.37946,0.43976999999999994,6063.0,17.0,0.0
0.5,34.523745571560404,0.9640326764489524,166.0,2025.0,3.0,4.0,17.0,0.0,0.0,0.0,1.0,0.0,0.0,1.0,0.3223,0.39185,10824145.0,62636.0,4458.0
0.15,34.523745571560404,15.630749131525878,123.0,2017.0,1.0,4.0,0.0,0.0,1.0,0.0,0.0,0.0,0.0,0.0,0.5066200000000001,0.6298400000000001,770541.0,9698.0,174.0
1.0,40.56749371766176,15.630749131525878,0.0,2023.0,7.0,4.0,8.0,1.0,0.0,0.0,0.0,0.0,1.0,0.0,0.3116,0.46715,495856.0,9869.0,897.0
119.1193,34.523745571560404,15.630749131525878,119.0,2018.0,9.0,4.0,0.0,1.0,1.0,0.0,0.0,0.0,0.0,0.0,0.45598,0.62105,34377610.0,445612.0,16754.0
0.05,39.87847455489328,15.630749131525878,133.0,2021.0,3.0,4.0,0.0,0.0,0.0,0.0,0.0,0.0,0.0,1.0,0.43392,0.47673000000000004,4257939.0,2638.0,159.0
0.03,34.523745571560404,15.630749131525878,143.0,2017.0,12.0,4.0,0.0,0.0,0.0,0.0,1.0,0.0,0.0,1.0,0.5226999999999999,0.67472,11216332.0,94755.0,2789.0
2.0,53.59314854511398,15.630749131525878,148.0,2025.0,1.0,4.0,11.0,1.0,0.0,0.0,0.0,0.0,0.0,1.0,0.3344,0.6114,12005376.0,58699.0,4826.0
0.36,34.523745571560404,15.630749131525878,100.0,2018.0,3.0,4.0,30.0,1.0,0.0,0.0,1.0,1.0,0.0,1.0,0.4171,0.59265,4828099.0,14176.0,448.0
3.35,39.87847455489328,9.349955476402494,162.0,2025.0,7.0,4.0,37.0,1.0,0.0,0.0,0.0,1.0,0.0,0.0,0.33582,0.55877,60671663.0,605123.0,29363.0
0.005,34.523745571560404,15.630749131525878,74.0,2022.0,12.0,4.0,45.0,1.0,0.0,1.0,0.0,0.0,0.0,0.0,0.7014,0.7783,34218.0,279.0,14.0
3.52,34.523745571560404,0.0,102.0,2018.0,5.0,4.0,37.0,1.0,1.0,0.0,0.0,0.0,0.0,1.0,0.6237,0.717,17680514.0,192538.0,6501.0
0.02,34.523745571560404,15.630749131525878,102.0,2019.0,1.0,4.0,594.0,1.0,0.0,0.0,0.0,0.0,0.0,0.0,0.6495,0.7933,203938.0,2141.0,370.0
0.02,39.87847455489328,15.630749131525878,116.0,2017.0,4.0,4.0,45.0,1.0,0.0,0.0,0.0,0.0,0.0,1.0,0.5605,0.66645,14335208.0,59091.0,2839.0
0.6,34.523745571560404,15.630749131525878,139.0,2024.0,4.0,4.0,13.0,1.0,0.0,0.0,0.0,0.0,0.0,1.0,0.5737,0.7676,17230817.0,29048.0,651.0
0.11,34.523745571560404,15.630749131525878,129.0,2023.0,1.0,4.0,10.0,1.0,0.0,1.0,0.0,0.0,0.0,0.0,0.4133,0.5915,3582376.0,87777.0,3080.0
0.1,42.23639277527201,15.630749131525878,141.0,2016.0,9.0,4.0,37.0,0.0,1.0,0.0,0.0,0.0,0.0,0.0,0.46136,0.57613,645979.0,9336.0,220.0
94.943,34.523745571560404,15.630749131525878,94.0,2018.0,10.0,4.0,143.0,1.0,1.0,0.0,0.0,0.0,0.0,0.0,0.41075999999999996,0.52715,10772443.0,74672.0,0.0
0.2,34.523745571560404,15.630749131525878,122.0,2024.0,11.0,4.0,17.0,1.0,0.0,0.0,0.0,0.0,0.0,1.0,0.5705,0.6369,877384.0,11056.0,560.0
42.3,39.87847455489328,15.630749131525878,167.0,2019.0,6.0,2.0,44.0,1.0,0.0,0.0,0.0,0.0,0.0,1.0,0.4278,0.60335,78821846.0,1293204.0,87903.0
15.25,67.43552811607532,9.481590460335283,144.0,2022.0,10.0,1.0,14.0,0.0,0.0,1.0,1.0,0.0,0.0,0.0,0.2672,0.5291,43035443.0,783816.0,47749.0
7.32,50.0855417531664,15.630749131525878,145.0,2019.0,9.0,4.0,33.0,1.0,1.0,0.0,0.0,0.0,0.0,0.0,0.46299999999999997,0.5788200000000001,51976493.0,803958.0,21779.0
20.42,42.23639277527201,15.630749131525878,107.0,2017.0,2.0,1.0,0.0,0.0,0.0,0.0,1.0,0.0,0.0,0.0,0.48612,0.65498,24081348.0,206222.0,11380.0
2.93,34.523745571560404,15.630749131525878,170.0,2022.0,4.0,4.0,18.0,0.0,0.0,0.0,0.0,0.0,0.0,1.0,0.3406,0.5106,56375543.0,254687.0,12171.0
3.8,100.0,15.630749131525878,105.0,2019.0,12.0,4.0,29.0,0.0,0.0,1.0,0.0,0.0,1.0,0.0,0.4281,0.5783,22644360.0,411521.0,16813.0
2.8,34.523745571560404,15.630749131525878,138.0,2023.0,10.0,4.0,11.0,0.0,0.0,0.0,1.0,0.0,0.0,1.0,0.40650000000000003,0.6223500000000001,57661357.0,318145.0,12315.0
15.3,72.76391152345468,15.630749131525878,125.0,2025.0,1.0,4.0,7.0,0.0,0.0,1.0,0.0,0.0,0.0,1.0,0.4658,0.6369,57670524.0,305097.0,6013.0
0.2,34.523745571560404,15.630749131525878,176.0,2025.0,9.0,4.0,16.0,1.0,0.0,1.0,0.0,0.0,0.0,0.0,0.4152,0.50055,25335679.0,16783.0,578.0
0.15,34.523745571560404,15.630749131525878,141.0,2019.0,3.0,4.0,11.0,1.0,0.0,0.0,0.0,0.0,0.0,0.0,0.6009,0.67765,12967871.0,13352.0,488.0
0.001,39.87847455489328,15.630749131525878,103.0,2022.0,10.0,4.0,0.0,1.0,1.0,0.0,0.0,0.0,0.0,0.0,0.45808,0.59273,10047267.0,64537.0,7090.0
8.01,58.78836238720199,29.96244531340741,126.0,2019.0,3.0,4.0,36.0,0.0,1.0,0.0,0.0,1.0,0.0,0.0,0.32358,0.37776,69319545.0,972276.0,25857.0
0.7,34.523745571560404,15.630749131525878,120.0,2016.0,10.0,4.0,42.0,1.0,0.0,0.0,0.0,0.0,1.0,0.0,0.4202,0.51045,168886463.0,463750.0,6463.0
6.42,39.87847455489328,15.630749131525878,140.0,2018.0,2.0,4.0,0.0,1.0,1.0,0.0,0.0,0.0,0.0,0.0,0.43666,0.48871000000000003,966018.0,10253.0,118.0
10.43,40.56749371766176,15.630749131525878,106.0,2017.0,8.0,4.0,50.0,1.0,0.0,0.0,0.0,0.0,0.0,0.0,0.2145,0.2846,7195479.0,62280.0,3891.0
0.02,34.523745571560404,15.630749131525878,125.0,2024.0,3.0,4.0,1163.0,1.0,0.0,0.0,0.0,0.0,0.0,1.0,0.6099,0.7935,13124638.0,267629.0,8967.0
2.9,34.523745571560404,15.630749131525878,92.0,2017.0,10.0,4.0,30.0,1.0,0.0,0.0,0.0,0.0,0.0,0.0,0.4444,0.5719,4338822.0,12074.0,427.0
1.5,34.523745571560404,15.630749131525878,204.0,2025.0,9.0,4.0,85.0,1.0,0.0,0.0,0.0,0.0,0.0,1.0,0.4065,0.49874999999999997,578974.0,24841.0,2121.0
0.5,34.523745571560404,15.630749131525878,108.0,2017.0,12.0,4.0,19.0,0.0,0.0,0.0,1.0,1.0,0.0,0.0,0.37946,0.43976999999999994,5221.0,28.0,0.0
2.2,34.523745571560404,18.14626969685238,134.0,2023.0,10.0,4.0,11.0,0.0,0.0,1.0,0.0,0.0,0.0,1.0,0.2628,0.4404,22765386.0,248330.0,19802.0
16.5,50.0855417531664,30.7832281544001,146.0,2019.0,10.0,4.0,28.0,1.0,1.0,0.0,0.0,0.0,0.0,0.0,0.6347,0.7889,127325188.0,1856366.0,64735.0
0.15,39.87847455489328,15.630749131525878,0.0,2022.0,11.0,4.0,23.0,1.0,1.0,0.0,0.0,0.0,0.0,0.0,0.37946,0.43976999999999994,2403.0,12.0,0.0
8.62,42.23639277527201,15.630749131525878,142.0,2024.0,7.0,4.0,10.0,1.0,1.0,0.0,0.0,0.0,0.0,0.0,0.2198,0.2899,60288211.0,377207.0,14182.0
2.15,39.87847455489328,15.630749131525878,129.0,2018.0,8.0,4.0,28.0,1.0,0.0,0.0,0.0,0.0,0.0,1.0,0.488,0.6657,26040844.0,263235.0,9206.0
0.32,34.523745571560404,15.630749131525878,14.0,2018.0,4.0,4.0,1.0,1.0,0.0,0.0,0.0,0.0,0.0,0.0,0.37946,0.43976999999999994,108.0,2.0,0.0
0.1,69.90840608326965,15.630749131525878,120.0,2016.0,9.0,4.0,0.0,1.0,0.0,0.0,0.0,0.0,0.0,0.0,0.4948600000000001,0.60014,21409075.0,219756.0,3112.0
1.15,34.523745571560404,15.630749131525878,137.0,2025.0,4.0,4.0,151.0,0.0,0.0,1.0,0.0,0.0,0.0,1.0,0.3232,0.5106,156002.0,2570.0,244.0
0.08,96.78734387784776,15.630749131525878,115.0,2024.0,5.0,4.0,15.0,1.0,0.0,0.0,1.0,0.0,0.0,0.0,0.6077,0.8232,6242.0,65.0,11.0
7.25,53.59314854511398,15.630749131525878,181.0,2024.0,4.0,3.0,9.0,0.0,0.0,0.0,0.0,0.0,0.0,1.0,0.3978,0.6249,42568694.0,109792.0,2661.0
0.29,34.523745571560404,15.630749131525878,116.0,2016.0,6.0,4.0,0.0,1.0,0.0,0.0,0.0,0.0,0.0,0.0,0.5185000000000001,0.6586700000000001,7751135.0,143611.0,7968.0
0.27,34.523745571560404,15.630749131525878,139.0,2016.0,11.0,4.0,30.0,0.0,0.0,1.0,0.0,0.0,0.0,0.0,0.4047,0.4757,3555808.0,3779.0,132.0
127.1273,34.523745571560404,15.630749131525878,127.0,2019.0,8.0,4.0,0.0,1.0,0.0,0.0,0.0,0.0,1.0,1.0,0.46826,0.57847,5315922.0,51480.0,1708.0
6.5,64.60045577187063,15.630749131525878,142.0,2022.0,4.0,4.0,43.0,0.0,0.0,1.0,0.0,1.0,0.0,0.0,0.4461,0.4939,83214957.0,1404912.0,108480.0
0.2,96.78734387784776,15.630749131525878,109.0,2022.0,9.0,4.0,30.0,1.0,0.0,0.0,0.0,0.0,0.0,1.0,0.2023,0.10115,2271807.0,4759.0,253.0
10.58,39.87847455489328,15.630749131525878,159.0,2022.0,9.0,4.0,22.0,0.0,0.0,1.0,1.0,0.0,0.0,0.0,0.3041,0.493,62006463.0,1275814.0,77072.0
3.52,0.0,15.630749131525878,157.0,2018.0,9.0,4.0,0.0,1.0,0.0,0.0,0.0,1.0,0.0,0.0,0.43789999999999996,0.52895,5648555.0,65225.0,2653.0
7.1,34.523745571560404,15.630749131525878,151.0,2016.0,8.0,3.0,0.0,0.0,0.0,1.0,0.0,0.0,0.0,0.0,0.4624,0.58588,86264826.0,285936.0,5170.0
121.1213,96.78734387784776,15.630749131525878,121.0,2018.0,3.0,4.0,0.0,1.0,1.0,0.0,0.0,0.0,0.0,0.0,0.39243999999999996,0.5848199999999999,43514816.0,338572.0,19774.0
20.12,30.236879653234688,15.630749131525878,155.0,2017.0,8.0,4.0,61.0,1.0,1.0,0.0,0.0,0.0,0.0,0.0,0.5094,0.64185,47943205.0,374927.0,16554.0
53.35,100.0,100.0,156.0,2019.0,10.0,2.0,0.0,0.0,0.0,1.0,1.0,0.0,0.0,0.0,0.36058,0.40371000000000007,378350.0,7079.0,552.0
20.22,39.87847455489328,15.630749131525878,124.0,2016.0,1.0,4.0,0.0,1.0,0.0,0.0,0.0,0.0,0.0,1.0,0.61026,0.75083,20691158.0,211229.0,5074.0
0.001,34.523745571560404,15.630749131525878,124.0,2017.0,5.0,4.0,10.0,1.0,0.0,0.0,0.0,0.0,0.0,0.0,0.37946,0.43976999999999994,3046.0,36.0,3.0
0.1,34.523745571560404,15.630749131525878,109.0,2016.0,10.0,4.0,0.0,1.0,0.0,0.0,0.0,0.0,0.0,1.0,0.47485999999999995,0.51504,3042860.0,4618.0,207.0
21.15,69.90840608326965,24.96031592396144,136.0,2017.0,6.0,4.0,29.0,1.0,0.0,0.0,0.0,0.0,0.0,0.0,0.6125,0.84,30078237.0,292853.0,18185.0
24.6,34.523745571560404,100.0,166.0,2024.0,1.0,3.0,10.0,0.0,0.0,1.0,0.0,0.0,0.0,1.0,0.2936,0.4316,54792874.0,659424.0,56695.0
0.04,34.523745571560404,15.630749131525878,127.0,2016.0,8.0,4.0,848.0,0.0,1.0,0.0,0.0,0.0,0.0,0.0,0.4889,0.6486,51735906.0,597472.0,9510.0
1.28,53.59314854511398,15.630749131525878,154.0,2018.0,9.0,4.0,16.0,1.0,0.0,0.0,0.0,0.0,0.0,0.0,0.20431999999999997,0.16663999999999998,290838.0,3198.0,76.0
5.14,40.56749371766176,15.630749131525878,123.0,2017.0,3.0,4.0,39.0,1.0,0.0,1.0,0.0,0.0,0.0,0.0,0.4589,0.61215,32706399.0,129324.0,4846.0
24.35,64.60045577187063,15.630749131525878,165.0,2025.0,6.0,4.0,0.0,0.0,1.0,0.0,1.0,0.0,0.0,0.0,0.44223999999999997,0.57607,76689150.0,398877.0,8031.0
8.71,53.59314854511398,19.563281582717103,138.0,2018.0,7.0,4.0,30.0,1.0,0.0,0.0,0.0,1.0,0.0,0.0,0.4567,0.4926,214092686.0,1725572.0,78548.0
3.36,40.56749371766176,15.630749131525878,160.0,2018.0,2.0,4.0,59.0,1.0,0.0,1.0,1.0,0.0,0.0,0.0,0.4303,0.6059,23442002.0,247685.0,10011.0
0.18,34.523745571560404,15.630749131525878,122.0,2024.0,4.0,4.0,32.0,1.0,0.0,0.0,0.0,0.0,0.0,1.0,0.37946,0.43976999999999994,2393.0,12.0,0.0
0.01,34.523745571560404,15.630749131525878,108.0,2019.0,3.0,4.0,9.0,0.0,0.0,0.0,0.0,0.0,0.0,1.0,0.4871,0.6369,7584740.0,32996.0,2357.0
0.25,53.59314854511398,15.630749131525878,129.0,2025.0,4.0,4.0,32.0,1.0,0.0,0.0,0.0,0.0,0.0,1.0,0.321,0.1279,4129124.0,206053.0,12969.0
0.12,34.523745571560404,15.630749131525878,96.0,2018.0,5.0,4.0,17.0,0.0,1.0,0.0,0.0,0.0,0.0,0.0,0.37946,0.43976999999999994,50.0,2.0,0.0
0.04,34.523745571560404,15.630749131525878,87.0,2019.0,2.0,4.0,622.0,1.0,0.0,0.0,0.0,0.0,0.0,0.0,0.5045,0.61715,3590497.0,19556.0,462.0
0.35,34.523745571560404,0.0,142.0,2025.0,9.0,4.0,80.0,1.0,1.0,0.0,0.0,0.0,0.0,0.0,0.6098,0.7648,21578084.0,141127.0,2461.0
0.25,34.523745571560404,15.630749131525878,109.0,2016.0,11.0,4.0,0.0,1.0,0.0,0.0,0.0,0.0,0.0,0.0,0.43523999999999996,0.5041100000000001,3946207.0,62511.0,1196.0
0.3,34.523745571560404,15.630749131525878,121.0,2023.0,5.0,4.0,25.0,0.0,1.0,0.0,0.0,1.0,0.0,0.0,0.5138,0.7259,9909796.0,90752.0,1771.0
0.15,34.523745571560404,15.630749131525878,114.0,2017.0,2.0,4.0,43.0,0.0,1.0,0.0,0.0,1.0,0.0,0.0,0.3964,0.5148,576014.0,2083.0,74.0
0.25,34.523745571560404,15.630749131525878,111.0,2019.0,3.0,4.0,25.0,1.0,0.0,0.0,0.0,1.0,0.0,0.0,0.5578,0.69955,6147639.0,37328.0,1344.0
0.4,53.59314854511398,15.630749131525878,121.0,2023.0,12.0,4.0,14.0,0.0,0.0,1.0,1.0,0.0,0.0,0.0,0.502,0.70825,11573883.0,43640.0,954.0
0.01,34.523745571560404,15.630749131525878,123.0,2016.0,8.0,3.0,0.0,1.0,0.0,1.0,0.0,0.0,0.0,0.0,0.20431999999999997,0.16663999999999998,261356.0,827.0,49.0
0.11,34.523745571560404,15.630749131525878,109.0,2019.0,1.0,4.0,22.0,0.0,1.0,0.0,0.0,0.0,0.0,0.0,0.742,0.86195,13853549.0,159015.0,3441.0
15.25,34.523745571560404,15.630749131525878,143.0,2017.0,8.0,4.0,0.0,1.0,0.0,0.0,0.0,1.0,0.0,0.0,0.54148,0.6974,562692890.0,2923274.0,76300.0
0.1,0.0,15.630749131525878,106.0,2017.0,10.0,4.0,0.0,0.0,0.0,0.0,1.0,0.0,0.0,0.0,0.44604,0.57761,3807705.0,62808.0,1105.0
0.001,34.523745571560404,15.630749131525878,128.0,2019.0,5.0,4.0,688.0,1.0,0.0,0.0,0.0,0.0,0.0,0.0,0.5502,0.6249,3087074.0,21526.0,208.0
0.07,34.523745571560404,15.630749131525878,92.0,2017.0,5.0,4.0,0.0,1.0,0.0,0.0,0.0,0.0,0.0,1.0,0.39108,0.54534,12561168.0,151757.0,4506.0
0.31,0.0,15.630749131525878,120.0,2016.0,2.0,4.0,28.0,1.0,0.0,0.0,0.0,0.0,0.0,1.0,0.6019,0.7307,5712725.0,39008.0,1470.0
44.5,100.0,15.630749131525878,153.0,2023.0,11.0,6.0,618.0,0.0,0.0,1.0,1.0,0.0,0.0,0.0,0.0655,0.0,22277331.0,688962.0,30287.0
30.14,40.56749371766176,73.03805799682529,151.0,2017.0,10.0,4.0,28.0,0.0,1.0,0.0,0.0,0.0,0.0,1.0,0.4937,0.62445,42749941.0,301016.0,19360.0
0.02,34.523745571560404,15.630749131525878,134.0,2017.0,4.0,4.0,31.0,1.0,0.0,0.0,0.0,0.0,0.0,0.0,0.5864,0.6418,38584286.0,177474.0,7376.0
11.83,64.60045577187063,18.14626969685238,154.0,2019.0,7.0,4.0,38.0,1.0,0.0,0.0,0.0,0.0,0.0,1.0,0.4982,0.6369,68485904.0,1484652.0,66795.0
0.25,39.87847455489328,15.630749131525878,138.0,2023.0,9.0,4.0,6.0,1.0,0.0,0.0,0.0,0.0,0.0,1.0,0.36058,0.40371000000000007,323624.0,0.0,3.0
0.4,39.87847455489328,15.630749131525878,129.0,2016.0,6.0,4.0,0.0,0.0,0.0,0.0,0.0,1.0,0.0,0.0,0.51518,0.64055,47459838.0,413543.0,42276.0
0.01,34.523745571560404,15.630749131525878,131.0,2016.0,7.0,4.0,0.0,0.0,1.0,0.0,0.0,1.0,0.0,0.0,0.47700000000000004,0.57983,48704.0,215.0,1.0
3.73,34.523745571560404,15.630749131525878,119.0,2021.0,11.0,4.0,0.0,0.0,0.0,1.0,1.0,0.0,0.0,0.0,0.46826,0.57847,5251022.0,10731.0,604.0
10.04,39.87847455489328,20.167253861938136,128.0,2018.0,3.0,4.0,2212.0,0.0,0.0,0.0,1.0,0.0,1.0,0.0,0.1622,0.0386,5637838.0,30703.0,1477.0
14.11,39.87847455489328,27.759495141120446,143.0,2022.0,5.0,4.0,18.0,0.0,1.0,0.0,0.0,0.0,0.0,1.0,0.651,0.84555,341299801.0,2677511.0,87761.0
2.9,53.59314854511398,15.630749131525878,147.0,2017.0,7.0,4.0,34.0,0.0,0.0,0.0,1.0,0.0,0.0,0.0,0.6715,0.78445,16006190.0,73322.0,3088.0
0.01,34.523745571560404,15.630749131525878,111.0,2019.0,10.0,4.0,0.0,1.0,0.0,0.0,0.0,0.0,0.0,0.0,0.44536,0.48633,1234587.0,3873.0,253.0
0.24,34.523745571560404,15.630749131525878,122.0,2024.0,6.0,4.0,14.0,1.0,0.0,0.0,0.0,0.0,0.0,0.0,0.6256,0.6369,9868110.0,25863.0,315.0
0.04,34.523745571560404,15.630749131525878,118.0,2018.0,9.0,4.0,23.0,0.0,0.0,0.0,0.0,1.0,0.0,0.0,0.6022,0.77735,3797571.0,21736.0,1345.0
28.5,69.90840608326965,15.630749131525878,159.0,2018.0,6.0,4.0,31.0,0.0,0.0,1.0,0.0,0.0,0.0,1.0,0.2945,0.24305,69637689.0,732949.0,39455.0
0.7,72.76391152345468,15.630749131525878,156.0,2023.0,10.0,3.0,72.0,1.0,0.0,0.0,0.0,1.0,0.0,0.0,0.41075999999999996,0.52715,10784271.0,19821.0,2225.0
7.53,42.23639277527201,15.630749131525878,138.0,2018.0,5.0,4.0,31.0,0.0,0.0,0.0,1.0,0.0,0.0,1.0,0.5636,0.73195,7908533.0,62197.0,2511.0
1.4,34.523745571560404,15.630749131525878,137.0,2017.0,11.0,4.0,0.0,1.0,0.0,0.0,1.0,1.0,0.0,0.0,0.47700000000000004,0.57983,58125.0,154.0,1.0
1.81,34.523745571560404,15.630749131525878,169.0,2022.0,11.0,4.0,8.0,1.0,0.0,0.0,0.0,0.0,0.0,1.0,0.5321,0.6309,3917782.0,70076.0,1269.0
0.3,39.87847455489328,15.630749131525878,126.0,2023.0,5.0,4.0,16.0,1.0,0.0,0.0,0.0,0.0,0.0,0.0,0.5903,0.8243,5378653.0,91456.0,2832.0
3.87,34.523745571560404,15.630749131525878,124.0,2022.0,10.0,4.0,0.0,1.0,1.0,0.0,0.0,0.0,0.0,0.0,0.43524,0.5041100000000001,4008292.0,39197.0,590.0
0.03,34.523745571560404,15.630749131525878,103.0,2017.0,6.0,4.0,13.0,1.0,0.0,0.0,0.0,0.0,0.0,1.0,0.3377,0.4215,1484015.0,11413.0,292.0
2.6,100.0,15.630749131525878,133.0,2021.0,11.0,4.0,18.0,0.0,1.0,0.0,0.0,0.0,1.0,0.0,0.4629,0.7161,40613058.0,278292.0,6801.0
0.02,34.523745571560404,15.630749131525878,108.0,2019.0,1.0,4.0,50.0,1.0,0.0,0.0,0.0,0.0,0.0,0.0,0.4372,0.4215,4568.0,74.0,17.0
10.24,0.0,15.630749131525878,172.0,2016.0,10.0,4.0,45.0,1.0,0.0,1.0,0.0,0.0,0.0,0.0,0.3666,0.41,261011389.0,1666984.0,3779.0
21.6,42.23639277527201,15.630749131525878,168.0,2019.0,4.0,2.0,29.0,1.0,0.0,0.0,0.0,1.0,0.0,1.0,0.37946,0.43976999999999994,284.0,1.0,0.0
0.66,30.236879653234688,15.630749131525878,103.0,2019.0,12.0,4.0,28.0,0.0,0.0,0.0,1.0,0.0,0.0,1.0,0.436,0.59775,36024844.0,260316.0,11158.0
10.36,100.0,15.630749131525878,132.0,2016.0,12.0,4.0,144.0,0.0,1.0,0.0,0.0,1.0,0.0,0.0,0.37946,0.43976999999999994,479.0,0.0,0.0
0.01,39.87847455489328,15.630749131525878,130.0,2022.0,3.0,4.0,13.0,1.0,0.0,0.0,0.0,0.0,0.0,1.0,0.5149,0.7336,15451139.0,125037.0,2048.0
12.06,42.23639277527201,15.630749131525878,145.0,2019.0,5.0,4.0,10.0,1.0,0.0,1.0,0.0,1.0,0.0,0.0,0.5992,0.7424,558501524.0,2976522.0,86725.0
34.75,50.0855417531664,15.630749131525878,155.0,2018.0,6.0,4.0,30.0,1.0,0.0,0.0,0.0,0.0,0.0,1.0,0.5668,0.68385,79068723.0,1051534.0,78497.0
0.06,58.78836238720199,15.630749131525878,116.0,2023.0,10.0,4.0,0.0,0.0,0.0,0.0,1.0,0.0,0.0,1.0,0.34306000000000003,0.38331,306517.0,3700.0,251.0
12.64,64.60045577187063,24.96031592396144,162.0,2021.0,12.0,4.0,24.0,0.0,0.0,0.0,0.0,0.0,0.0,1.0,0.6013,0.7184,83904761.0,1569551.0,52642.0
0.005,69.90840608326965,15.630749131525878,109.0,2021.0,1.0,3.0,14.0,1.0,0.0,0.0,0.0,0.0,0.0,1.0,0.6148,0.7964,13124750.0,267630.0,8967.0
0.04,34.523745571560404,15.630749131525878,0.0,2021.0,2.0,4.0,0.0,1.0,0.0,0.0,0.0,0.0,0.0,1.0,0.42135999999999996,0.52884,443929.0,6887.0,347.0
0.14,34.523745571560404,15.630749131525878,123.0,2019.0,6.0,4.0,0.0,1.0,0.0,1.0,0.0,0.0,1.0,0.0,0.49535999999999997,0.62809,10973031.0,46320.0,494.0
0.93,34.523745571560404,15.630749131525878,106.0,2024.0,9.0,4.0,28.0,1.0,0.0,0.0,0.0,1.0,0.0,0.0,0.4077,0.4665,12902657.0,119662.0,7041.0
12.5,34.523745571560404,15.630749131525878,157.0,2025.0,9.0,4.0,38.0,1.0,1.0,0.0,0.0,0.0,0.0,0.0,0.5403,0.6933,36713014.0,424530.0,11874.0
7.2,34.523745571560404,15.630749131525878,128.0,2016.0,2.0,4.0,87.0,1.0,0.0,1.0,0.0,0.0,0.0,0.0,0.6567,0.78755,6880320.0,24522.0,1932.0
0.06,100.0,15.630749131525878,125.0,2021.0,3.0,4.0,380.0,1.0,0.0,0.0,0.0,0.0,1.0,0.0,0.4847,0.6054,7741391.0,130759.0,7616.0
0.03,34.523745571560404,15.630749131525878,102.0,2016.0,6.0,4.0,0.0,1.0,0.0,0.0,0.0,0.0,0.0,0.0,0.27792000000000006,0.30548,206830.0,1701.0,62.0
0.5,34.523745571560404,15.630749131525878,133.0,2025.0,3.0,4.0,29.0,1.0,0.0,1.0,0.0,0.0,0.0,0.0,0.3934,0.6369,38983791.0,680110.0,56872.0
0.04,34.523745571560404,15.630749131525878,113.0,2023.0,11.0,4.0,19.0,1.0,0.0,0.0,0.0,0.0,0.0,1.0,0.42135999999999996,0.52884,538033.0,2953.0,51.0
0.005,34.523745571560404,15.630749131525878,49.0,2024.0,8.0,4.0,1908.0,1.0,0.0,1.0,0.0,0.0,0.0,0.0,0.3127,0.34,2360723.0,1749.0,42.0
0.7,50.0855417531664,9.481590460335283,134.0,2019.0,9.0,4.0,22.0,0.0,1.0,0.0,0.0,0.0,0.0,1.0,0.5755,0.76575,23556312.0,293546.0,15977.0
0.05,34.523745571560404,15.630749131525878,151.0,2019.0,7.0,4.0,32.0,0.0,0.0,0.0,0.0,1.0,0.0,0.0,0.43534000000000006,0.5278400000000001,4843521.0,109179.0,5276.0
0.08,34.523745571560404,27.759495141120446,136.0,2024.0,11.0,4.0,1451.0,0.0,0.0,0.0,1.0,0.0,1.0,0.0,0.3226,0.3715,161809.0,5145.0,129.0
2.2,34.523745571560404,15.630749131525878,129.0,2016.0,10.0,4.0,36.0,0.0,0.0,0.0,0.0,1.0,0.0,0.0,0.5125599999999999,0.65009,12859575.0,73125.0,2373.0
15.81,69.90840608326965,30.7832281544001,144.0,2023.0,4.0,4.0,11.0,0.0,1.0,1.0,0.0,0.0,0.0,0.0,0.2899,0.64275,57855595.0,932274.0,68958.0
15.38,39.87847455489328,15.630749131525878,142.0,2022.0,11.0,4.0,650.0,0.0,0.0,0.0,1.0,0.0,1.0,0.0,0.4174,0.5571,23195974.0,340482.0,66728.0
0.03,34.523745571560404,15.630749131525878,95.0,2025.0,2.0,4.0,0.0,0.0,0.0,0.0,0.0,1.0,0.0,1.0,0.41087999999999997,0.4649,147014.0,2283.0,62.0
0.07,34.523745571560404,15.630749131525878,118.0,2016.0,3.0,4.0,0.0,1.0,0.0,0.0,0.0,0.0,0.0,0.0,0.4793,0.63125,7270004.0,53212.0,1733.0
0.05,34.523745571560404,15.630749131525878,138.0,2016.0,7.0,4.0,0.0,1.0,0.0,0.0,0.0,0.0,0.0,0.0,0.47536000000000006,0.5436000000000001,106721.0,1496.0,64.0
2.02,0.0,15.630749131525878,139.0,2016.0,11.0,4.0,4.0,1.0,0.0,0.0,0.0,0.0,0.0,1.0,0.37946,0.43976999999999994,8990.0,50.0,0.0
0.01,34.523745571560404,15.630749131525878,128.0,2022.0,12.0,4.0,18.0,0.0,1.0,0.0,0.0,0.0,0.0,0.0,0.3877,0.4215,128195.0,1191.0,64.0
0.08,34.523745571560404,15.630749131525878,138.0,2025.0,9.0,4.0,9.0,1.0,0.0,0.0,0.0,1.0,0.0,0.0,0.5144,0.68995,5330693.0,17869.0,967.0
0.8,34.523745571560404,15.630749131525878,134.0,2018.0,9.0,4.0,45.0,1.0,1.0,1.0,0.0,0.0,0.0,0.0,0.5536,0.6529,19768635.0,190190.0,6756.0
0.1,34.523745571560404,15.630749131525878,99.0,2023.0,9.0,4.0,1425.0,1.0,0.0,0.0,0.0,0.0,0.0,0.0,0.5051,0.6369,785384.0,15759.0,492.0
0.45,34.523745571560404,15.630749131525878,115.0,2016.0,6.0,4.0,30.0,0.0,0.0,1.0,1.0,0.0,1.0,0.0,0.3104,0.43095,1845178.0,2884.0,85.0
0.02,34.523745571560404,15.630749131525878,133.0,2022.0,7.0,4.0,945.0,0.0,0.0,1.0,0.0,1.0,0.0,0.0,0.3207,0.3612,5575878.0,85016.0,3527.0
4.5,34.523745571560404,15.630749131525878,121.0,2019.0,7.0,4.0,24.0,1.0,0.0,1.0,1.0,0.0,1.0,1.0,0.5105,0.6124,27038114.0,368058.0,13719.0
7.48,72.76391152345468,15.630749131525878,156.0,2022.0,11.0,3.0,36.0,0.0,1.0,0.0,0.0,0.0,0.0,1.0,0.4338,0.70935,59290016.0,672059.0,30008.0
57.0,100.0,100.0,146.0,2023.0,1.0,2.0,34.0,0.0,0.0,1.0,1.0,0.0,0.0,0.0,0.3041,0.53945,1189798304.0,7061306.0,250339.0
2.5,34.523745571560404,15.630749131525878,149.0,2019.0,10.0,4.0,0.0,1.0,0.0,0.0,0.0,0.0,0.0,1.0,0.5066200000000001,0.6298400000000001,796583.0,13323.0,237.0
36.6,39.87847455489328,27.759495141120446,158.0,2024.0,11.0,4.0,16.0,0.0,1.0,0.0,0.0,0.0,0.0,1.0,0.47763999999999995,0.61173,128634109.0,1106593.0,63703.0
0.003,39.87847455489328,15.630749131525878,125.0,2023.0,11.0,4.0,0.0,0.0,0.0,0.0,1.0,0.0,1.0,0.0,0.48754,0.62476,5000306.0,52856.0,4858.0
0.6,34.523745571560404,15.630749131525878,88.0,2017.0,11.0,1.0,0.0,0.0,0.0,0.0,1.0,0.0,0.0,0.0,0.44774,0.57061,3593289.0,5781.0,294.0
0.3,34.523745571560404,15.630749131525878,117.0,2018.0,1.0,4.0,11.0,1.0,0.0,0.0,0.0,0.0,0.0,0.0,0.5428,0.71325,4204799.0,23995.0,1041.0
0.65,34.523745571560404,15.630749131525878,164.0,2018.0,8.0,4.0,31.0,1.0,0.0,0.0,0.0,0.0,0.0,0.0,0.565,0.6369,41083946.0,285596.0,13065.0
0.25,53.59314854511398,15.630749131525878,139.0,2022.0,11.0,4.0,28.0,0.0,0.0,0.0,0.0,0.0,0.0,1.0,0.44658,0.53087,5858962.0,14639.0,0.0
0.12,34.523745571560404,15.630749131525878,135.0,2018.0,3.0,4.0,0.0,0.0,1.0,0.0,0.0,0.0,0.0,0.0,0.54062,0.62446,2725042.0,22511.0,311.0
0.1,34.523745571560404,15.630749131525878,119.0,2017.0,9.0,4.0,0.0,1.0,0.0,0.0,0.0,0.0,0.0,1.0,0.551,0.5971400000000001,83156.0,278.0,44.0
1.65,53.59314854511398,15.630749131525878,147.0,2022.0,2.0,4.0,0.0,0.0,1.0,0.0,0.0,1.0,0.0,0.0,0.37946,0.43976999999999994,45.0,5.0,0.0
1.35,42.23639277527201,15.630749131525878,106.0,2024.0,7.0,4.0,92.0,0.0,0.0,1.0,1.0,0.0,0.0,0.0,0.1599,0.3612,12195907.0,86732.0,3677.0
0.35,34.523745571560404,15.630749131525878,124.0,2018.0,3.0,4.0,15.0,0.0,1.0,0.0,0.0,0.0,0.0,0.0,0.5583,0.6762,7496098.0,164395.0,2525.0
0.17,34.523745571560404,15.630749131525878,148.0,2024.0,6.0,4.0,1.0,1.0,0.0,0.0,0.0,0.0,0.0,1.0,0.41088,0.4649000000000001,129523.0,1491.0,368.0
12.6,39.87847455489328,15.630749131525878,136.0,2017.0,9.0,4.0,0.0,0.0,0.0,1.0,1.0,0.0,0.0,0.0,0.36594000000000004,0.47592,21924791.0,226501.0,3837.0
4.32,34.523745571560404,15.630749131525878,136.0,2016.0,9.0,4.0,0.0,1.0,0.0,0.0,0.0,0.0,0.0,1.0,0.4065,0.49874999999999997,609573.0,17814.0,949.0
0.001,34.523745571560404,15.630749131525878,120.0,2017.0,3.0,4.0,21.0,1.0,1.0,0.0,0.0,0.0,0.0,0.0,0.5794,0.78735,351869.0,1231.0,15.0
0.8,30.236879653234688,15.630749131525878,140.0,2023.0,10.0,4.0,0.0,1.0,0.0,0.0,0.0,0.0,0.0,1.0,0.44904,0.63961,25630094.0,152419.0,8821.0
0.46,34.523745571560404,15.630749131525878,107.0,2017.0,8.0,4.0,0.0,1.0,0.0,0.0,0.0,0.0,1.0,0.0,0.36058,0.40371000000000007,359308.0,3721.0,108.0
0.01,34.523745571560404,15.630749131525878,142.0,2019.0,1.0,4.0,0.0,1.0,0.0,1.0,0.0,0.0,0.0,0.0,0.5642799999999999,0.72503,28027428.0,217574.0,4861.0
4.04,50.0855417531664,15.630749131525878,132.0,2017.0,8.0,4.0,46.0,0.0,0.0,1.0,1.0,0.0,0.0,0.0,0.5966,0.7177,18258324.0,128347.0,5914.0
5.02,53.59314854511398,15.630749131525878,130.0,2019.0,6.0,4.0,0.0,1.0,0.0,0.0,1.0,0.0,1.0,1.0,0.5066200000000001,0.62984,733374.0,10680.0,363.0
9.62,34.523745571560404,15.630749131525878,153.0,2025.0,4.0,3.0,2.0,1.0,0.0,1.0,0.0,0.0,0.0,0.0,0.4174,0.58815,25722545.0,262071.0,12848.0
13.25,53.59314854511398,30.7832281544001,149.0,2022.0,3.0,4.0,0.0,0.0,1.0,1.0,0.0,0.0,0.0,0.0,0.45861999999999997,0.62111,9394676.0,124861.0,1148.0
0.04,34.523745571560404,15.630749131525878,134.0,2021.0,11.0,4.0,20.0,1.0,1.0,0.0,0.0,0.0,0.0,0.0,0.6158,0.6309,1887656.0,0.0,1932.0
10.5,34.523745571560404,15.630749131525878,156.0,2022.0,2.0,4.0,15.0,1.0,0.0,0.0,0.0,0.0,0.0,1.0,0.4608,0.6935,161180378.0,1050710.0,17449.0
2.1,50.0855417531664,20.167253861938136,125.0,2019.0,5.0,4.0,22.0,0.0,0.0,0.0,1.0,0.0,0.0,0.0,0.4635,0.5961,22171389.0,132281.0,7477.0
0.2,53.59314854511398,15.630749131525878,140.0,2025.0,5.0,4.0,9.0,0.0,1.0,0.0,0.0,0.0,0.0,1.0,0.3752,0.6309,9769646.0,56983.0,3271.0
0.5,34.523745571560404,15.630749131525878,112.0,2018.0,10.0,4.0,0.0,1.0,0.0,0.0,0.0,1.0,0.0,0.0,0.5255400000000001,0.6373599999999999,283376533.0,3180875.0,61634.0
6.12,72.76391152345468,15.630749131525878,156.0,2024.0,2.0,4.0,15.0,0.0,0.0,1.0,0.0,0.0,0.0,1.0,0.3402,0.55255,32832649.0,264980.0,14009.0
0.05,34.523745571560404,15.630749131525878,0.0,2024.0,2.0,4.0,695.0,1.0,0.0,0.0,1.0,0.0,0.0,0.0,0.6303,0.7826,10956368.0,260603.0,7689.0
0.01,34.523745571560404,15.630749131525878,127.0,2016.0,8.0,4.0,0.0,0.0,0.0,0.0,1.0,1.0,0.0,0.0,0.49169999999999997,0.60548,6352159.0,333686.0,881.0
5.05,64.60045577187063,15.630749131525878,167.0,2017.0,2.0,4.0,50.0,1.0,0.0,1.0,0.0,1.0,0.0,0.0,0.532,0.73875,18975307.0,107475.0,2710.0
0.06,34.523745571560404,15.630749131525878,112.0,2016.0,6.0,4.0,0.0,0.0,0.0,0.0,1.0,0.0,0.0,0.0,0.38242000000000004,0.42557999999999996,2115510.0,21100.0,829.0
0.01,34.523745571560404,15.630749131525878,108.0,2016.0,10.0,4.0,0.0,1.0,0.0,0.0,0.0,0.0,0.0,0.0,0.37946,0.43976999999999994,3698.0,55.0,12.0
5.12,40.56749371766176,15.630749131525878,148.0,2017.0,3.0,4.0,14.0,0.0,0.0,1.0,1.0,0.0,0.0,0.0,0.5147,0.7307,11982483.0,50010.0,1626.0
2.71,0.0,15.630749131525878,105.0,2017.0,9.0,4.0,0.0,0.0,1.0,0.0,0.0,1.0,0.0,0.0,0.34268,0.55438,59553694.0,747884.0,31408.0
8.1,39.87847455489328,15.630749131525878,121.0,2022.0,10.0,1.0,0.0,1.0,1.0,0.0,0.0,0.0,0.0,0.0,0.5129400000000001,0.66359,151011185.0,708021.0,8835.0
12.25,42.23639277527201,19.563281582717103,139.0,2017.0,3.0,4.0,32.0,0.0,1.0,0.0,0.0,1.0,0.0,0.0,0.5071,0.64045,983733431.0,3132879.0,82992.0
1.75,53.59314854511398,15.630749131525878,125.0,2017.0,11.0,4.0,35.0,1.0,0.0,0.0,0.0,0.0,0.0,0.0,0.6494,0.71035,16004665.0,101284.0,5611.0
6.5,39.87847455489328,15.630749131525878,175.0,2018.0,9.0,4.0,0.0,1.0,0.0,0.0,0.0,0.0,0.0,1.0,0.49928,0.64775,49078101.0,546710.0,19340.0
0.18,34.523745571560404,15.630749131525878,108.0,2017.0,7.0,4.0,0.0,0.0,0.0,0.0,1.0,0.0,0.0,0.0,0.54064,0.57426,16331899.0,361552.0,12063.0
0.95,34.523745571560404,15.630749131525878,142.0,2023.0,2.0,4.0,0.0,1.0,1.0,1.0,0.0,1.0,0.0,0.0,0.41012000000000004,0.46855,1072409.0,9843.0,391.0
0.04,0.0,15.630749131525878,99.0,2017.0,11.0,4.0,0.0,1.0,0.0,0.0,0.0,0.0,0.0,0.0,0.44075999999999993,0.4864,1480187.0,14420.0,709.0
0.19,34.523745571560404,15.630749131525878,116.0,2025.0,7.0,4.0,37.0,0.0,0.0,0.0,1.0,0.0,0.0,1.0,0.4574,0.70495,12310764.0,57412.0,1790.0
19.2,100.0,15.630749131525878,142.0,2016.0,4.0,4.0,59.0,1.0,0.0,1.0,0.0,0.0,0.0,0.0,0.4522,0.6472,272935583.0,1358540.0,50151.0
0.1,34.523745571560404,15.630749131525878,95.0,2022.0,9.0,4.0,25.0,1.0,0.0,0.0,0.0,0.0,0.0,1.0,0.4257,0.5834,2804732.0,44450.0,2449.0
0.05,34.523745571560404,15.630749131525878,90.0,2024.0,6.0,4.0,114.0,1.0,1.0,0.0,0.0,0.0,0.0,0.0,0.5593,0.6745,14131966.0,90576.0,1684.0
0.1,39.87847455489328,15.630749131525878,134.0,2019.0,11.0,4.0,22.0,1.0,0.0,1.0,0.0,0.0,0.0,1.0,0.56672,0.61485,16702165.0,332152.0,10465.0
0.48,40.56749371766176,15.630749131525878,146.0,2019.0,10.0,4.0,0.0,1.0,0.0,1.0,0.0,0.0,0.0,1.0,0.34306000000000003,0.38331,292268.0,864.0,2.0
0.1,34.523745571560404,15.630749131525878,124.0,2019.0,7.0,4.0,0.0,0.0,0.0,0.0,1.0,0.0,1.0,0.0,0.50062,0.6660100000000001,14605607.0,95669.0,2181.0
8.57,34.523745571560404,9.349955476402494,161.0,2017.0,7.0,4.0,15.0,0.0,1.0,0.0,1.0,0.0,0.0,0.0,0.6291,0.7807,11285073.0,70647.0,2952.0
0.04,34.523745571560404,15.630749131525878,117.0,2024.0,4.0,4.0,10.0,1.0,0.0,0.0,0.0,0.0,0.0,1.0,0.4709,0.6249,2080821.0,5355.0,13.0
2.05,39.87847455489328,15.630749131525878,126.0,2024.0,5.0,4.0,0.0,0.0,0.0,0.0,1.0,0.0,1.0,0.0,0.49535999999999997,0.62809,10876675.0,99706.0,885.0
0.03,34.523745571560404,15.630749131525878,130.0,2016.0,5.0,4.0,60.0,1.0,0.0,0.0,0.0,0.0,0.0,0.0,0.1496,0.0,291505.0,1415.0,31.0
0.25,34.523745571560404,0.9640326764489524,118.0,2022.0,7.0,4.0,21.0,1.0,0.0,0.0,0.0,1.0,0.0,0.0,0.5021,0.4939,2585061.0,7516.0,28.0
0.3,40.56749371766176,15.630749131525878,155.0,2018.0,6.0,4.0,44.0,1.0,0.0,1.0,0.0,0.0,0.0,1.0,0.44658,0.53087,5827223.0,23270.0,3477.0
1.75,34.523745571560404,15.630749131525878,115.0,2019.0,3.0,4.0,23.0,0.0,1.0,0.0,0.0,1.0,0.0,1.0,0.5155,0.5949,45166840.0,568220.0,21137.0
26.29,42.23639277527201,73.03805799682529,145.0,2021.0,11.0,4.0,613.0,0.0,0.0,1.0,1.0,0.0,0.0,0.0,0.2324,0.39135,114006995.0,2273985.0,132413.0
0.8,34.523745571560404,15.630749131525878,134.0,2023.0,8.0,4.0,1978.0,1.0,0.0,0.0,0.0,0.0,0.0,1.0,0.7012,0.79145,234040367.0,994193.0,22425.0
14.0,39.87847455489328,15.630749131525878,146.0,2019.0,8.0,3.0,36.0,1.0,0.0,1.0,1.0,0.0,1.0,0.0,0.5327,0.67565,36262454.0,572061.0,20651.0
0.75,39.87847455489328,15.630749131525878,137.0,2019.0,8.0,4.0,42.0,1.0,0.0,0.0,0.0,0.0,0.0,0.0,0.5947,0.74562,20250970.0,182751.0,5997.0
0.5,53.59314854511398,15.630749131525878,130.0,2022.0,9.0,4.0,0.0,0.0,1.0,0.0,0.0,1.0,0.0,0.0,0.4535,0.61799,101788308.0,660499.0,17414.0
0.8,34.523745571560404,15.630749131525878,115.0,2017.0,11.0,4.0,81.0,1.0,0.0,0.0,1.0,0.0,0.0,0.0,0.3728,0.52955,23328688.0,61843.0,2638.0
0.04,34.523745571560404,15.630749131525878,114.0,2017.0,4.0,4.0,0.0,1.0,0.0,0.0,0.0,0.0,0.0,1.0,0.41091999999999995,0.46907999999999994,4664306.0,50696.0,1850.0
1.75,100.0,15.630749131525878,119.0,2017.0,5.0,4.0,0.0,1.0,0.0,0.0,0.0,1.0,0.0,0.0,0.7029,0.8196,110568907.0,623843.0,12799.0
25.1,50.0855417531664,15.630749131525878,145.0,2018.0,3.0,4.0,0.0,1.0,0.0,1.0,0.0,0.0,0.0,0.0,0.4746600000000001,0.63936,9625473.0,289816.0,23038.0
1.1,34.523745571560404,15.630749131525878,178.0,2024.0,3.0,4.0,18.0,0.0,0.0,0.0,0.0,0.0,0.0,1.0,0.3598,0.6309,15100798.0,207450.0,17060.0
0.11,34.523745571560404,15.630749131525878,130.0,2016.0,2.0,4.0,0.0,0.0,1.0,0.0,0.0,1.0,0.0,0.0,0.5946999999999999,0.74562,19750936.0,111583.0,2014.0
29.0,100.0,15.630749131525878,179.0,2025.0,8.0,3.0,14.0,0.0,0.0,1.0,1.0,0.0,0.0,0.0,0.4856,0.69685,97845732.0,716004.0,23871.0
10.43,34.523745571560404,15.630749131525878,133.0,2025.0,6.0,4.0,0.0,1.0,0.0,0.0,0.0,0.0,0.0,0.0,0.47308000000000006,0.62802,92668983.0,683992.0,43961.0
10.43,34.523745571560404,15.630749131525878,100.0,2021.0,10.0,6.0,0.0,1.0,0.0,0.0,0.0,0.0,0.0,0.0,0.5066200000000001,0.6298400000000001,809734.0,6448.0,102.0
13.2,64.60045577187063,15.630749131525878,163.0,2025.0,9.0,4.0,25.0,0.0,0.0,1.0,0.0,1.0,0.0,0.0,0.5185,0.6586700000000001,7854993.0,209162.0,27800.0
7.37,58.78836238720199,15.630749131525878,136.0,2025.0,8.0,4.0,30.0,0.0,1.0,0.0,0.0,1.0,0.0,0.0,0.5825,0.7908,97364832.0,644617.0,27560.0
7.5,72.76391152345468,15.630749131525878,147.0,2025.0,8.0,4.0,21.0,0.0,1.0,1.0,0.0,0.0,0.0,0.0,0.51518,0.64055,48031643.0,258636.0,14238.0
8.75,42.23639277527201,15.630749131525878,151.0,2016.0,11.0,4.0,37.0,1.0,0.0,0.0,0.0,0.0,0.0,0.0,0.6398,0.81635,18719574.0,114252.0,5563.0
75.0,34.523745571560404,15.630749131525878,169.0,2023.0,9.0,3.0,59.0,0.0,0.0,1.0,1.0,0.0,0.0,0.0,0.4624,0.58588,87222831.0,2034202.0,162540.0
0.65,0.0,15.630749131525878,113.0,2018.0,10.0,4.0,0.0,0.0,0.0,0.0,1.0,0.0,0.0,1.0,0.47485999999999995,0.51504,2907813.0,45989.0,1408.0
43.7,72.76391152345468,73.03805799682529,144.0,2024.0,11.0,4.0,25.0,1.0,0.0,1.0,0.0,0.0,0.0,0.0,0.44971999999999995,0.6369499999999999,64503444.0,1171401.0,95957.0
10.11,42.23639277527201,19.563281582717103,136.0,2025.0,10.0,3.0,29.0,0.0,1.0,0.0,0.0,1.0,0.0,0.0,0.40316,0.57548,62896708.0,614918.0,52870.0
5.78,53.59314854511398,15.630749131525878,156.0,2025.0,1.0,4.0,812.0,0.0,0.0,1.0,1.0,0.0,0.0,0.0,0.592,0.78735,196971639.0,1136111.0,21869.0
138.1383,34.523745571560404,15.630749131525878,138.0,2019.0,8.0,4.0,240.0,1.0,0.0,1.0,0.0,0.0,0.0,1.0,0.4695,0.5391,30841102.0,599224.0,57209.0
0.0005,34.523745571560404,15.630749131525878,110.0,2016.0,12.0,4.0,22.0,1.0,0.0,0.0,0.0,0.0,0.0,0.0,0.20432,0.16663999999999998,254874.0,119.0,0.0
7.02,72.76391152345468,15.630749131525878,143.0,2024.0,2.0,4.0,0.0,1.0,0.0,0.0,0.0,1.0,0.0,0.0,0.5692,0.69955,14222729.0,23814.0,436.0
1.1,34.523745571560404,15.630749131525878,122.0,2023.0,11.0,4.0,48.0,0.0,1.0,0.0,0.0,0.0,0.0,1.0,0.7141,0.8246,1349823.0,28144.0,929.0
16.07,34.523745571560404,15.630749131525878,164.0,2024.0,4.0,3.0,4916.0,0.0,0.0,1.0,1.0,0.0,0.0,0.0,0.4479,0.5931,82045058.0,334338.0,8669.0
46.0,72.76391152345468,15.630749131525878,143.0,2024.0,8.0,3.0,0.0,0.0,1.0,0.0,0.0,0.0,0.0,1.0,0.47308000000000006,0.62802,92670048.0,683996.0,43962.0
1.63,34.523745571560404,15.630749131525878,144.0,2024.0,3.0,4.0,17.0,1.0,1.0,0.0,0.0,0.0,0.0,0.0,0.5915,0.7992,37323429.0,199227.0,5371.0
10.7,100.0,15.630749131525878,133.0,2022.0,6.0,4.0,0.0,0.0,0.0,0.0,0.0,0.0,0.0,1.0,0.45985999999999994,0.52352,6205727.0,87003.0,4833.0
1.6,34.523745571560404,15.630749131525878,120.0,2018.0,8.0,4.0,0.0,1.0,0.0,0.0,0.0,0.0,0.0,0.0,0.47536000000000006,0.5436000000000001,110160.0,645.0,22.0
0.05,40.56749371766176,15.630749131525878,153.0,2025.0,7.0,4.0,11.0,1.0,0.0,0.0,0.0,0.0,1.0,0.0,0.314,0.39135,3562106.0,19972.0,1927.0
15.21,72.76391152345468,18.14626969685238,132.0,2024.0,3.0,4.0,15.0,0.0,0.0,0.0,1.0,0.0,0.0,1.0,0.5105,0.71365,42654493.0,372556.0,19769.0
125.1253,34.523745571560404,15.630749131525878,125.0,2020.0,10.0,4.0,14.0,0.0,1.0,0.0,0.0,1.0,0.0,0.0,0.44322,0.62352,8878356.0,210902.0,7627.0
10.43,34.523745571560404,15.630749131525878,25.0,2021.0,7.0,4.0,0.0,0.0,0.0,0.0,0.0,1.0,0.0,0.0,0.53384,0.5822299999999999,2460874.0,589.0,39.0
0.92,42.23639277527201,15.630749131525878,115.0,2025.0,7.0,4.0,943.0,0.0,1.0,0.0,0.0,1.0,0.0,0.0,0.5415,0.6634,55460571.0,158664.0,3078.0
6.82,34.523745571560404,15.630749131525878,128.0,2018.0,8.0,4.0,0.0,0.0,1.0,0.0,0.0,0.0,0.0,1.0,0.32358,0.37776,70397104.0,668788.0,22560.0
143.1433,34.523745571560404,15.630749131525878,143.0,2017.0,1.0,2.0,49.0,0.0,0.0,1.0,1.0,0.0,1.0,0.0,0.3573,0.47295,77269966.0,624844.0,53102.0
0.15,39.87847455489328,15.630749131525878,150.0,2024.0,3.0,4.0,0.0,1.0,0.0,1.0,0.0,0.0,0.0,0.0,0.44444,0.59868,31552798.0,134358.0,4738.0
0.5,34.523745571560404,15.630749131525878,134.0,2025.0,9.0,4.0,4348.0,0.0,0.0,0.0,1.0,0.0,0.0,0.0,0.5665,0.66745,135531271.0,892348.0,23721.0
9.25,64.60045577187063,15.630749131525878,146.0,2023.0,6.0,3.0,0.0,0.0,1.0,0.0,0.0,1.0,0.0,0.0,0.20431999999999997,0.16663999999999998,286641.0,7675.0,22.0
10.43,34.523745571560404,15.630749131525878,96.0,2022.0,5.0,5.0,0.0,1.0,0.0,0.0,0.0,0.0,0.0,0.0,0.5066200000000001,0.6298400000000001,819886.0,13791.0,83.0
112.1123,53.59314854511398,15.630749131525878,112.0,2021.0,7.0,4.0,11.0,0.0,1.0,0.0,0.0,1.0,0.0,0.0,0.549,0.62465,23957141.0,140940.0,2734.0
10.28,34.523745571560404,15.630749131525878,123.0,2024.0,3.0,4.0,34.0,1.0,1.0,0.0,0.0,0.0,0.0,0.0,0.7371,0.86835,20702603.0,195819.0,9508.0
8.3,100.0,15.630749131525878,150.0,2018.0,9.0,4.0,119.0,1.0,1.0,0.0,0.0,0.0,0.0,1.0,0.37946,0.43976999999999994,36.0,0.0,0.0
3.51,34.523745571560404,15.630749131525878,123.0,2022.0,4.0,4.0,0.0,0.0,0.0,1.0,1.0,0.0,0.0,1.0,0.4133,0.5565100000000001,114286671.0,471602.0,12630.0
0.26,34.523745571560404,15.630749131525878,105.0,2017.0,3.0,4.0,0.0,0.0,0.0,0.0,1.0,0.0,0.0,1.0,0.56428,0.72503,28315996.0,129394.0,9277.0
0.13,34.523745571560404,15.630749131525878,131.0,2017.0,6.0,4.0,29.0,1.0,0.0,0.0,0.0,0.0,0.0,0.0,0.5185000000000001,0.6586700000000001,7815931.0,66564.0,1895.0
9.28,42.23639277527201,15.630749131525878,148.0,2022.0,6.0,4.0,33.0,0.0,1.0,0.0,0.0,0.0,0.0,1.0,0.325,0.4588,10685449.0,186808.0,8584.0
0.02,34.523745571560404,15.630749131525878,138.0,2022.0,10.0,4.0,439.0,1.0,1.0,0.0,0.0,0.0,0.0,0.0,0.1781,0.27115,3915500.0,59983.0,3366.0
4.25,64.60045577187063,24.96031592396144,143.0,2024.0,6.0,4.0,27.0,0.0,0.0,0.0,0.0,0.0,0.0,1.0,0.4873,0.6652,47862564.0,459769.0,12548.0
4.7,34.523745571560404,15.630749131525878,124.0,2024.0,12.0,4.0,151.0,1.0,0.0,0.0,0.0,0.0,0.0,1.0,0.44604,0.57761,3749294.0,26954.0,1414.0
0.3,34.523745571560404,15.630749131525878,123.0,2025.0,7.0,4.0,18.0,1.0,0.0,0.0,0.0,0.0,1.0,0.0,0.4226,0.42425,5271564.0,57550.0,8809.0
0.01,34.523745571560404,15.630749131525878,100.0,2019.0,1.0,4.0,0.0,1.0,0.0,0.0,0.0,0.0,0.0,0.0,0.37946,0.43977000000000005,14066.0,144.0,3.0
0.5,39.87847455489328,15.630749131525878,141.0,2021.0,4.0,4.0,0.0,0.0,0.0,0.0,1.0,0.0,0.0,1.0,0.46554,0.60727,89390427.0,693113.0,7856.0
0.4,34.523745571560404,15.630749131525878,135.0,2022.0,10.0,4.0,15.0,1.0,0.0,0.0,0.0,0.0,0.0,1.0,0.4580800000000001,0.5927300000000001,9818257.0,498154.0,58170.0
0.32,0.0,15.630749131525878,100.0,2016.0,4.0,4.0,0.0,1.0,1.0,0.0,0.0,0.0,0.0,0.0,0.5185,0.65867,8054643.0,107240.0,3147.0
6.75,53.59314854511398,15.630749131525878,150.0,2024.0,8.0,3.0,5.0,1.0,0.0,1.0,0.0,0.0,0.0,0.0,0.6276,0.83555,25735296.0,248343.0,9075.0
88.883,53.59314854511398,15.630749131525878,88.0,2022.0,11.0,4.0,20.0,0.0,0.0,0.0,0.0,1.0,0.0,1.0,0.32746,0.43438,22437073.0,175407.0,7084.0
4.25,42.23639277527201,15.630749131525878,131.0,2024.0,3.0,4.0,15.0,0.0,0.0,1.0,0.0,0.0,0.0,0.0,0.2581,0.3612,39109709.0,306762.0,16778.0
0.35,34.523745571560404,15.630749131525878,101.0,2024.0,2.0,4.0,0.0,1.0,1.0,0.0,0.0,0.0,0.0,0.0,0.34306000000000003,0.38331,297650.0,10494.0,242.0
0.35,34.523745571560404,15.630749131525878,109.0,2020.0,3.0,4.0,17.0,1.0,1.0,0.0,0.0,0.0,0.0,0.0,0.4988,0.6429,8083169.0,154120.0,3705.0
0.15,34.523745571560404,15.630749131525878,105.0,2025.0,2.0,0.0,0.0,1.0,0.0,1.0,1.0,0.0,1.0,0.0,0.293,0.432,42311154.0,193860.0,8183.0
0.04,34.523745571560404,15.630749131525878,129.0,2024.0,4.0,4.0,15.0,1.0,0.0,0.0,0.0,1.0,0.0,0.0,0.3293,0.3397,4567202.0,8113.0,870.0
6.3,39.87847455489328,0.9640326764489524,127.0,2016.0,9.0,4.0,31.0,0.0,0.0,0.0,0.0,0.0,0.0,1.0,0.4922,0.6369,15037863.0,61193.0,531.0
4.02,34.523745571560404,15.630749131525878,152.0,2025.0,7.0,4.0,7.0,1.0,0.0,0.0,0.0,0.0,0.0,0.0,0.3437,0.6369,25979599.0,102254.0,3028.0
1.5,42.23639277527201,15.630749131525878,130.0,2023.0,4.0,4.0,15.0,1.0,0.0,1.0,0.0,0.0,0.0,0.0,0.4471,0.66905,15222658.0,115109.0,4547.0
0.1,53.59314854511398,15.630749131525878,110.0,2022.0,8.0,3.0,51.0,1.0,1.0,0.0,0.0,0.0,0.0,1.0,0.6266,0.7263,64595274.0,530220.0,28307.0
99.993,34.523745571560404,15.630749131525878,99.0,2017.0,12.0,2.0,0.0,1.0,0.0,0.0,0.0,0.0,0.0,1.0,0.46136,0.57613,696083.0,2996.0,89.0
0.65,69.90840608326965,15.630749131525878,0.0,2025.0,5.0,3.0,33.0,0.0,0.0,1.0,0.0,0.0,0.0,0.0,0.46906,0.67835,15086068.0,292435.0,57570.0
0.5,34.523745571560404,15.630749131525878,156.0,2024.0,7.0,4.0,168.0,1.0,0.0,0.0,0.0,0.0,1.0,0.0,0.2091,0.0129,1164612.0,26067.0,1407.0
0.74,34.523745571560404,15.630749131525878,135.0,2020.0,12.0,4.0,27.0,0.0,1.0,0.0,0.0,1.0,0.0,0.0,0.478,0.67915,73091477.0,0.0,194806.0
4.08,42.23639277527201,15.630749131525878,137.0,2017.0,1.0,4.0,29.0,1.0,0.0,0.0,0.0,1.0,0.0,0.0,0.4069,0.51305,393933968.0,1778854.0,44055.0
0.96,34.523745571560404,15.630749131525878,106.0,2017.0,9.0,4.0,84.0,1.0,0.0,0.0,0.0,0.0,0.0,1.0,0.4215,0.4215,116484.0,274.0,6.0
1.27,53.59314854511398,15.630749131525878,135.0,2023.0,3.0,4.0,3.0,1.0,0.0,0.0,0.0,0.0,0.0,1.0,0.2086,0.148,263912.0,3288.0,134.0
105.1053,34.523745571560404,15.630749131525878,105.0,2018.0,10.0,5.0,8.0,1.0,0.0,0.0,0.0,1.0,0.0,0.0,0.41088,0.4649000000000001,129298.0,696.0,91.0
1.31,53.59314854511398,15.630749131525878,146.0,2022.0,7.0,4.0,711.0,1.0,0.0,1.0,0.0,1.0,0.0,0.0,0.5523,0.7303,41320601.0,252848.0,5695.0
0.06,53.59314854511398,15.630749131525878,132.0,2025.0,9.0,4.0,18.0,1.0,0.0,0.0,0.0,1.0,0.0,0.0,0.6984,0.81185,16951835.0,57220.0,2792.0
0.22,39.87847455489328,15.630749131525878,118.0,2020.0,12.0,4.0,0.0,0.0,1.0,0.0,0.0,1.0,0.0,0.0,0.47388,0.50368,2419622.0,25572.0,437.0
2.1,34.523745571560404,15.630749131525878,132.0,2017.0,5.0,4.0,0.0,1.0,0.0,0.0,0.0,0.0,0.0,0.0,0.54062,0.62446,2613367.0,16884.0,226.0
0.45,34.523745571560404,15.630749131525878,114.0,2016.0,6.0,4.0,30.0,0.0,0.0,1.0,1.0,0.0,0.0,1.0,0.3104,0.43095,1845178.0,2884.0,85.0
0.01,34.523745571560404,15.630749131525878,143.0,2019.0,10.0,4.0,3.0,1.0,0.0,0.0,0.0,0.0,0.0,0.0,0.37946,0.43976999999999994,3703.0,21.0,0.0
11.94,64.60045577187063,15.630749131525878,139.0,2016.0,4.0,4.0,0.0,0.0,0.0,1.0,0.0,1.0,0.0,0.0,0.45861999999999997,0.62111,9127281.0,101202.0,3183.0
0.04,34.523745571560404,15.630749131525878,115.0,2017.0,5.0,4.0,93.0,1.0,0.0,0.0,0.0,0.0,0.0,0.0,0.4215,0.4215,1019.0,14.0,1.0
129.1293,34.523745571560404,15.630749131525878,129.0,2022.0,11.0,4.0,0.0,1.0,1.0,0.0,0.0,0.0,1.0,1.0,0.52618,0.6550699999999999,201670399.0,1139920.0,28138.0
7.05,39.87847455489328,25.951449920631845,128.0,2022.0,7.0,4.0,2985.0,0.0,0.0,1.0,1.0,0.0,0.0,0.0,0.4086,0.6413,10403195.0,96709.0,3820.0
0.15,34.523745571560404,15.630749131525878,134.0,2020.0,1.0,4.0,17.0,1.0,1.0,1.0,0.0,0.0,1.0,0.0,0.37946,0.43976999999999994,40.0,4.0,0.0
5.49,72.76391152345468,29.96244531340741,132.0,2023.0,6.0,4.0,11.0,0.0,1.0,0.0,0.0,1.0,0.0,0.0,0.5400400000000001,0.7018599999999999,418895693.0,2697333.0,29256.0
